"module name","license","repository"
"7zip-bin@5.1.1","MIT","https://github.com/develar/7zip-bin"
"@ampproject/remapping@2.2.1","Apache-2.0","https://github.com/ampproject/remapping"
"@ant-design/colors@4.0.5","MIT","https://github.com/ant-design/ant-design-colors"
"@antfu/install-pkg@0.1.1","MIT","https://github.com/antfu/install-pkg"
"@antfu/utils@0.5.2","MIT","https://github.com/antfu/utils"
"@antfu/utils@0.7.2","MIT","https://github.com/antfu/utils"
"@antv/algorithm@0.1.26","MIT","https://github.com/antvis/algorithm"
"@antv/dom-util@2.0.4","MIT","https://github.com/antvis/util"
"@antv/event-emitter@0.1.3","MIT","https://github.com/antvis/event-emitter"
"@antv/g-base@0.5.15","ISC","https://github.com/antvis/util"
"@antv/g-canvas@0.5.14","ISC","https://github.com/antvis/g"
"@antv/g-math@0.1.9","ISC","https://github.com/antvis/util"
"@antv/g-svg@0.5.7","ISC","https://github.com/antvis/g"
"@antv/g-webgpu-core@0.7.2","ISC",""
"@antv/g-webgpu-engine@0.7.2","ISC",""
"@antv/g-webgpu@0.7.2","ISC",""
"@antv/g6-core@0.8.23","MIT","https://github.com/antvis/g6"
"@antv/g6-element@0.8.23","MIT","https://github.com/antvis/g6"
"@antv/g6-pc@0.8.23","MIT","https://github.com/antvis/g6"
"@antv/g6-plugin@0.8.23","MIT","https://github.com/antvis/G6"
"@antv/g6@4.8.23","MIT","https://github.com/antvis/g6"
"@antv/graphlib@1.2.0","MIT","https://github.com/antvis/graphlib"
"@antv/hierarchy@0.6.11","MIT","https://github.com/antvis/hierarchy"
"@antv/layout@0.3.24","MIT","https://github.com/antvis/layout"
"@antv/matrix-util@3.0.4","ISC","https://github.com/antvis/util"
"@antv/matrix-util@3.1.0-beta.3","ISC","https://github.com/antvis/util"
"@antv/path-util@2.0.15","ISC","https://github.com/antvis/util"
"@antv/scale@0.3.18","MIT","https://github.com/antvis/scale"
"@antv/util@2.0.17","ISC","https://github.com/antvis/util"
"@antv/util@3.3.5","MIT","https://github.com/antvis/util"
"@babel/code-frame@7.21.4","MIT","https://github.com/babel/babel"
"@babel/compat-data@7.22.3","MIT","https://github.com/babel/babel"
"@babel/core@7.21.8","MIT","https://github.com/babel/babel"
"@babel/eslint-parser@7.21.8","MIT","https://github.com/babel/babel"
"@babel/generator@7.22.3","MIT","https://github.com/babel/babel"
"@babel/helper-annotate-as-pure@7.18.6","MIT","https://github.com/babel/babel"
"@babel/helper-builder-binary-assignment-operator-visitor@7.22.3","MIT","https://github.com/babel/babel"
"@babel/helper-compilation-targets@7.22.1","MIT","https://github.com/babel/babel"
"@babel/helper-create-class-features-plugin@7.22.1","MIT","https://github.com/babel/babel"
"@babel/helper-create-regexp-features-plugin@7.22.1","MIT","https://github.com/babel/babel"
"@babel/helper-define-polyfill-provider@0.4.0","MIT","https://github.com/babel/babel-polyfills"
"@babel/helper-environment-visitor@7.22.1","MIT","https://github.com/babel/babel"
"@babel/helper-function-name@7.21.0","MIT","https://github.com/babel/babel"
"@babel/helper-hoist-variables@7.18.6","MIT","https://github.com/babel/babel"
"@babel/helper-member-expression-to-functions@7.22.3","MIT","https://github.com/babel/babel"
"@babel/helper-module-imports@7.21.4","MIT","https://github.com/babel/babel"
"@babel/helper-module-transforms@7.22.1","MIT","https://github.com/babel/babel"
"@babel/helper-optimise-call-expression@7.18.6","MIT","https://github.com/babel/babel"
"@babel/helper-plugin-utils@7.21.5","MIT","https://github.com/babel/babel"
"@babel/helper-remap-async-to-generator@7.18.9","MIT","https://github.com/babel/babel"
"@babel/helper-replace-supers@7.22.1","MIT","https://github.com/babel/babel"
"@babel/helper-simple-access@7.21.5","MIT","https://github.com/babel/babel"
"@babel/helper-skip-transparent-expression-wrappers@7.20.0","MIT","https://github.com/babel/babel"
"@babel/helper-split-export-declaration@7.18.6","MIT","https://github.com/babel/babel"
"@babel/helper-string-parser@7.21.5","MIT","https://github.com/babel/babel"
"@babel/helper-validator-identifier@7.19.1","MIT","https://github.com/babel/babel"
"@babel/helper-validator-option@7.21.0","MIT","https://github.com/babel/babel"
"@babel/helper-wrap-function@7.20.5","MIT","https://github.com/babel/babel"
"@babel/helpers@7.21.5","MIT","https://github.com/babel/babel"
"@babel/highlight@7.18.6","MIT","https://github.com/babel/babel"
"@babel/parser@7.22.3","MIT","https://github.com/babel/babel"
"@babel/plugin-bugfix-safari-id-destructuring-collision-in-function-expression@7.18.6","MIT","https://github.com/babel/babel"
"@babel/plugin-bugfix-v8-spread-parameters-in-optional-chaining@7.22.3","MIT","https://github.com/babel/babel"
"@babel/plugin-proposal-private-property-in-object@7.21.0","MIT","https://github.com/babel/babel"
"@babel/plugin-proposal-unicode-property-regex@7.18.6","MIT","https://github.com/babel/babel"
"@babel/plugin-syntax-async-generators@7.8.4","MIT","https://github.com/babel/babel/tree/master/packages/babel-plugin-syntax-async-generators"
"@babel/plugin-syntax-class-properties@7.12.13","MIT","https://github.com/babel/babel"
"@babel/plugin-syntax-class-static-block@7.14.5","MIT","https://github.com/babel/babel"
"@babel/plugin-syntax-dynamic-import@7.8.3","MIT","https://github.com/babel/babel/tree/master/packages/babel-plugin-syntax-dynamic-import"
"@babel/plugin-syntax-export-namespace-from@7.8.3","MIT","https://github.com/babel/babel/tree/master/packages/babel-plugin-syntax-export-namespace-from"
"@babel/plugin-syntax-import-assertions@7.20.0","MIT","https://github.com/babel/babel"
"@babel/plugin-syntax-import-attributes@7.22.3","MIT","https://github.com/babel/babel"
"@babel/plugin-syntax-import-meta@7.10.4","MIT","https://github.com/babel/babel"
"@babel/plugin-syntax-json-strings@7.8.3","MIT","https://github.com/babel/babel/tree/master/packages/babel-plugin-syntax-json-strings"
"@babel/plugin-syntax-logical-assignment-operators@7.10.4","MIT","https://github.com/babel/babel"
"@babel/plugin-syntax-nullish-coalescing-operator@7.8.3","MIT","https://github.com/babel/babel/tree/master/packages/babel-plugin-syntax-nullish-coalescing-operator"
"@babel/plugin-syntax-numeric-separator@7.10.4","MIT","https://github.com/babel/babel"
"@babel/plugin-syntax-object-rest-spread@7.8.3","MIT","https://github.com/babel/babel/tree/master/packages/babel-plugin-syntax-object-rest-spread"
"@babel/plugin-syntax-optional-catch-binding@7.8.3","MIT","https://github.com/babel/babel/tree/master/packages/babel-plugin-syntax-optional-catch-binding"
"@babel/plugin-syntax-optional-chaining@7.8.3","MIT","https://github.com/babel/babel/tree/master/packages/babel-plugin-syntax-optional-chaining"
"@babel/plugin-syntax-private-property-in-object@7.14.5","MIT","https://github.com/babel/babel"
"@babel/plugin-syntax-top-level-await@7.14.5","MIT","https://github.com/babel/babel"
"@babel/plugin-syntax-unicode-sets-regex@7.18.6","MIT","https://github.com/babel/babel"
"@babel/plugin-transform-arrow-functions@7.21.5","MIT","https://github.com/babel/babel"
"@babel/plugin-transform-async-generator-functions@7.22.3","MIT","https://github.com/babel/babel"
"@babel/plugin-transform-async-to-generator@7.20.7","MIT","https://github.com/babel/babel"
"@babel/plugin-transform-block-scoped-functions@7.18.6","MIT","https://github.com/babel/babel"
"@babel/plugin-transform-block-scoping@7.21.0","MIT","https://github.com/babel/babel"
"@babel/plugin-transform-class-properties@7.22.3","MIT","https://github.com/babel/babel"
"@babel/plugin-transform-class-static-block@7.22.3","MIT","https://github.com/babel/babel"
"@babel/plugin-transform-classes@7.21.0","MIT","https://github.com/babel/babel"
"@babel/plugin-transform-computed-properties@7.21.5","MIT","https://github.com/babel/babel"
"@babel/plugin-transform-destructuring@7.21.3","MIT","https://github.com/babel/babel"
"@babel/plugin-transform-dotall-regex@7.18.6","MIT","https://github.com/babel/babel"
"@babel/plugin-transform-duplicate-keys@7.18.9","MIT","https://github.com/babel/babel"
"@babel/plugin-transform-dynamic-import@7.22.1","MIT","https://github.com/babel/babel"
"@babel/plugin-transform-exponentiation-operator@7.18.6","MIT","https://github.com/babel/babel"
"@babel/plugin-transform-export-namespace-from@7.22.3","MIT","https://github.com/babel/babel"
"@babel/plugin-transform-for-of@7.21.5","MIT","https://github.com/babel/babel"
"@babel/plugin-transform-function-name@7.18.9","MIT","https://github.com/babel/babel"
"@babel/plugin-transform-json-strings@7.22.3","MIT","https://github.com/babel/babel"
"@babel/plugin-transform-literals@7.18.9","MIT","https://github.com/babel/babel"
"@babel/plugin-transform-logical-assignment-operators@7.22.3","MIT","https://github.com/babel/babel"
"@babel/plugin-transform-member-expression-literals@7.18.6","MIT","https://github.com/babel/babel"
"@babel/plugin-transform-modules-amd@7.20.11","MIT","https://github.com/babel/babel"
"@babel/plugin-transform-modules-commonjs@7.21.5","MIT","https://github.com/babel/babel"
"@babel/plugin-transform-modules-systemjs@7.22.3","MIT","https://github.com/babel/babel"
"@babel/plugin-transform-modules-umd@7.18.6","MIT","https://github.com/babel/babel"
"@babel/plugin-transform-named-capturing-groups-regex@7.22.3","MIT","https://github.com/babel/babel"
"@babel/plugin-transform-new-target@7.22.3","MIT","https://github.com/babel/babel"
"@babel/plugin-transform-nullish-coalescing-operator@7.22.3","MIT","https://github.com/babel/babel"
"@babel/plugin-transform-numeric-separator@7.22.3","MIT","https://github.com/babel/babel"
"@babel/plugin-transform-object-rest-spread@7.22.3","MIT","https://github.com/babel/babel"
"@babel/plugin-transform-object-super@7.18.6","MIT","https://github.com/babel/babel"
"@babel/plugin-transform-optional-catch-binding@7.22.3","MIT","https://github.com/babel/babel"
"@babel/plugin-transform-optional-chaining@7.22.3","MIT","https://github.com/babel/babel"
"@babel/plugin-transform-parameters@7.22.3","MIT","https://github.com/babel/babel"
"@babel/plugin-transform-private-methods@7.22.3","MIT","https://github.com/babel/babel"
"@babel/plugin-transform-private-property-in-object@7.22.3","MIT","https://github.com/babel/babel"
"@babel/plugin-transform-property-literals@7.18.6","MIT","https://github.com/babel/babel"
"@babel/plugin-transform-regenerator@7.21.5","MIT","https://github.com/babel/babel"
"@babel/plugin-transform-reserved-words@7.18.6","MIT","https://github.com/babel/babel"
"@babel/plugin-transform-shorthand-properties@7.18.6","MIT","https://github.com/babel/babel"
"@babel/plugin-transform-spread@7.20.7","MIT","https://github.com/babel/babel"
"@babel/plugin-transform-sticky-regex@7.18.6","MIT","https://github.com/babel/babel"
"@babel/plugin-transform-template-literals@7.18.9","MIT","https://github.com/babel/babel"
"@babel/plugin-transform-typeof-symbol@7.18.9","MIT","https://github.com/babel/babel"
"@babel/plugin-transform-unicode-escapes@7.21.5","MIT","https://github.com/babel/babel"
"@babel/plugin-transform-unicode-property-regex@7.22.3","MIT","https://github.com/babel/babel"
"@babel/plugin-transform-unicode-regex@7.18.6","MIT","https://github.com/babel/babel"
"@babel/plugin-transform-unicode-sets-regex@7.22.3","MIT","https://github.com/babel/babel"
"@babel/preset-env@7.22.2","MIT","https://github.com/babel/babel"
"@babel/preset-modules@0.1.5","MIT","https://github.com/babel/preset-modules"
"@babel/regjsgen@0.8.0","MIT","https://github.com/bnjmnt4n/regjsgen"
"@babel/runtime-corejs3@7.23.1","MIT","https://github.com/babel/babel"
"@babel/runtime@7.17.9","MIT","https://github.com/babel/babel"
"@babel/runtime@7.21.5","MIT","https://github.com/babel/babel"
"@babel/template@7.21.9","MIT","https://github.com/babel/babel"
"@babel/traverse@7.22.1","MIT","https://github.com/babel/babel"
"@babel/types@7.22.3","MIT","https://github.com/babel/babel"
"@cornerstonejs/calculate-suv@1.0.3","MIT",""
"@cornerstonejs/codec-charls@1.2.3","MIT","https://github.com/chafey/charls-js"
"@cornerstonejs/codec-libjpeg-turbo-8bit@1.2.2","ISC",""
"@cornerstonejs/codec-openjpeg@1.2.2","MIT","https://localhost"
"@cornerstonejs/codec-openjph@2.4.5","MIT","https://github.com/chafey/openjphjs"
"@cornerstonejs/core@1.32.1","MIT","https://github.com/cornerstonejs/cornerstone3D"
"@cornerstonejs/dicom-image-loader@1.32.1","MIT","https://github.com/cornerstonejs/cornerstone3D"
"@cornerstonejs/streaming-image-volume-loader@1.1.5","MIT","https://github.com/cornerstonejs/cornerstone3D-beta"
"@cornerstonejs/tools@1.1.5","MIT","https://github.com/cornerstonejs/cornerstone3D-beta"
"@daybrush/utils@1.11.0","MIT","https://github.com/daybrush/utils"
"@develar/schema-utils@2.6.5","MIT","https://github.com/webpack/schema-utils"
"@egjs/agent@2.4.3","MIT","https://github.com/naver/agent"
"@electron/asar@3.2.4","MIT","https://github.com/electron/asar"
"@electron/get@2.0.2","MIT","https://github.com/electron/get"
"@electron/notarize@1.2.3","MIT","https://github.com/electron/notarize"
"@electron/osx-sign@1.0.4","BSD-2-Clause","https://github.com/electron/osx-sign"
"@electron/rebuild@3.2.13","MIT","https://github.com/electron/rebuild"
"@electron/universal@1.3.4","MIT","https://github.com/electron/universal"
"@esbuild/linux-x64@0.17.19","MIT","https://github.com/evanw/esbuild"
"@eslint-community/eslint-utils@4.4.0","MIT","https://github.com/eslint-community/eslint-utils"
"@eslint-community/regexpp@4.5.1","MIT","https://github.com/eslint-community/regexpp"
"@eslint/eslintrc@2.0.3","MIT","https://github.com/eslint/eslintrc"
"@eslint/js@8.41.0","MIT","https://github.com/eslint/eslint"
"@gar/promisify@1.1.3","MIT","https://github.com/wraithgar/gar-promisify"
"@humanwhocodes/config-array@0.11.8","Apache-2.0","https://github.com/humanwhocodes/config-array"
"@humanwhocodes/module-importer@1.0.1","Apache-2.0","https://github.com/humanwhocodes/module-importer"
"@humanwhocodes/object-schema@1.2.1","BSD-3-Clause","https://github.com/humanwhocodes/object-schema"
"@iconify/types@2.0.0","MIT","https://github.com/iconify/iconify"
"@iconify/utils@2.1.5","MIT","https://github.com/iconify/iconify"
"@istanbuljs/schema@0.1.3","MIT","https://github.com/istanbuljs/schema"
"@jridgewell/gen-mapping@0.3.3","MIT","https://github.com/jridgewell/gen-mapping"
"@jridgewell/resolve-uri@3.1.0","MIT","https://github.com/jridgewell/resolve-uri"
"@jridgewell/set-array@1.1.2","MIT","https://github.com/jridgewell/set-array"
"@jridgewell/source-map@0.3.3","MIT","https://github.com/jridgewell/source-map"
"@jridgewell/sourcemap-codec@1.4.14","MIT","https://github.com/jridgewell/sourcemap-codec"
"@jridgewell/sourcemap-codec@1.4.15","MIT","https://github.com/jridgewell/sourcemap-codec"
"@jridgewell/trace-mapping@0.3.18","MIT","https://github.com/jridgewell/trace-mapping"
"@jsdevtools/coverage-istanbul-loader@3.0.5","MIT","https://github.com/JS-DevTools/coverage-istanbul-loader"
"@kitware/vtk.js@27.3.1","BSD-3-Clause","https://github.com/kitware/vtk-js"
"@kurkle/color@0.3.2","MIT","https://github.com/kurkle/color"
"@malept/cross-spawn-promise@1.1.1","Apache-2.0","https://github.com/malept/cross-spawn-promise"
"@malept/cross-spawn-promise@2.0.0","Apache-2.0","https://github.com/malept/cross-spawn-promise"
"@malept/flatpak-bundler@0.4.0","MIT","https://github.com/malept/flatpak-bundler"
"@nicolo-ribaudo/eslint-scope-5-internals@5.1.1-v1","MIT",""
"@nodelib/fs.scandir@2.1.5","MIT","https://github.com/nodelib/nodelib/tree/master/packages/fs/fs.scandir"
"@nodelib/fs.stat@2.0.5","MIT","https://github.com/nodelib/nodelib/tree/master/packages/fs/fs.stat"
"@nodelib/fs.walk@1.2.8","MIT","https://github.com/nodelib/nodelib/tree/master/packages/fs/fs.walk"
"@npmcli/fs@2.1.2","ISC","https://github.com/npm/fs"
"@npmcli/move-file@2.0.1","MIT","https://github.com/npm/move-file"
"@oozcitak/dom@1.15.10","MIT","https://github.com/oozcitak/dom"
"@oozcitak/infra@1.0.8","MIT","https://github.com/oozcitak/infra"
"@oozcitak/url@1.0.4","MIT","https://github.com/oozcitak/url"
"@oozcitak/util@8.3.8","MIT","https://github.com/oozcitak/util"
"@panzoom/panzoom@4.5.1","MIT","https://github.com/timmywil/panzoom"
"@polka/url@1.0.0-next.21","MIT","https://github.com/lukeed/polka"
"@probe.gl/env@3.6.0","MIT","https://github.com/uber-web/probe.gl"
"@probe.gl/log@3.6.0","MIT","https://github.com/uber-web/probe.gl"
"@probe.gl/stats@3.6.0","MIT","https://github.com/uber-web/probe.gl"
"@rollup/plugin-inject@5.0.3","MIT","https://github.com/rollup/plugins"
"@rollup/plugin-virtual@3.0.1","MIT","https://github.com/rollup/plugins"
"@rollup/pluginutils@5.0.2","MIT","https://github.com/rollup/plugins"
"@scena/event-emitter@1.0.5","MIT","https://github.com/daybrush/gesture"
"@sindresorhus/is@4.6.0","MIT","https://github.com/sindresorhus/is"
"@sveltejs/adapter-auto@2.1.0","MIT","https://github.com/sveltejs/kit"
"@sveltejs/adapter-static@2.0.2","MIT","https://github.com/sveltejs/kit"
"@sveltejs/kit@1.18.0","MIT","https://github.com/sveltejs/kit"
"@sveltejs/vite-plugin-svelte@2.2.0","MIT","https://github.com/sveltejs/vite-plugin-svelte"
"@swc/core-linux-x64-gnu@1.3.61","Apache-2.0 AND MIT","https://github.com/swc-project/swc"
"@swc/core-linux-x64-musl@1.3.61","Apache-2.0 AND MIT","https://github.com/swc-project/swc"
"@swc/core@1.3.61","Apache-2.0","https://github.com/swc-project/swc"
"@szmarczak/http-timer@4.0.6","MIT","https://github.com/szmarczak/http-timer"
"@tauri-apps/api@1.5.1","Apache-2.0 OR MIT","https://github.com/tauri-apps/tauri"
"@tauri-apps/cli-linux-x64-gnu@1.5.6","MIT",""
"@tauri-apps/cli-linux-x64-musl@1.5.6","MIT",""
"@tauri-apps/cli@1.5.6","Apache-2.0 OR MIT","https://github.com/tauri-apps/tauri"
"@tootallnate/once@2.0.0","MIT","https://github.com/TooTallNate/once"
"@tweenjs/tween.js@18.6.4","MIT","https://github.com/tweenjs/tween.js"
"@types/bcryptjs@2.4.4","MIT","https://github.com/DefinitelyTyped/DefinitelyTyped"
"@types/cacheable-request@6.0.3","MIT","https://github.com/DefinitelyTyped/DefinitelyTyped"
"@types/cookie@0.5.1","MIT","https://github.com/DefinitelyTyped/DefinitelyTyped"
"@types/cornerstone-core@2.3.0","MIT","https://github.com/DefinitelyTyped/DefinitelyTyped"
"@types/d3-array@3.0.5","MIT","https://github.com/DefinitelyTyped/DefinitelyTyped"
"@types/d3-color@3.1.0","MIT","https://github.com/DefinitelyTyped/DefinitelyTyped"
"@types/d3-interpolate@3.0.1","MIT","https://github.com/DefinitelyTyped/DefinitelyTyped"
"@types/d3-timer@2.0.2","MIT","https://github.com/DefinitelyTyped/DefinitelyTyped"
"@types/debug@4.1.8","MIT","https://github.com/DefinitelyTyped/DefinitelyTyped"
"@types/eslint-scope@3.7.4","MIT","https://github.com/DefinitelyTyped/DefinitelyTyped"
"@types/eslint@8.40.0","MIT","https://github.com/DefinitelyTyped/DefinitelyTyped"
"@types/estree@1.0.1","MIT","https://github.com/DefinitelyTyped/DefinitelyTyped"
"@types/eventsource@1.1.12","MIT","https://github.com/DefinitelyTyped/DefinitelyTyped"
"@types/fs-extra@8.1.2","MIT","https://github.com/DefinitelyTyped/DefinitelyTyped"
"@types/fs-extra@9.0.13","MIT","https://github.com/DefinitelyTyped/DefinitelyTyped"
"@types/glob@7.2.0","MIT","https://github.com/DefinitelyTyped/DefinitelyTyped"
"@types/http-cache-semantics@4.0.1","MIT","https://github.com/DefinitelyTyped/DefinitelyTyped"
"@types/json-schema@7.0.11","MIT","https://github.com/DefinitelyTyped/DefinitelyTyped"
"@types/keyv@3.1.4","MIT","https://github.com/DefinitelyTyped/DefinitelyTyped"
"@types/lodash@4.14.197","MIT","https://github.com/DefinitelyTyped/DefinitelyTyped"
"@types/minimatch@5.1.2","MIT","https://github.com/DefinitelyTyped/DefinitelyTyped"
"@types/mousetrap@1.6.13","MIT","https://github.com/DefinitelyTyped/DefinitelyTyped"
"@types/ms@0.7.31","MIT","https://github.com/DefinitelyTyped/DefinitelyTyped"
"@types/node@18.16.13","MIT","https://github.com/DefinitelyTyped/DefinitelyTyped"
"@types/path-browserify@1.0.0","MIT","https://github.com/DefinitelyTyped/DefinitelyTyped"
"@types/pug@2.0.6","MIT","https://github.com/DefinitelyTyped/DefinitelyTyped"
"@types/responselike@1.0.0","MIT","https://github.com/DefinitelyTyped/DefinitelyTyped"
"@types/semver@7.5.0","MIT","https://github.com/DefinitelyTyped/DefinitelyTyped"
"@types/stats.js@0.17.0","MIT","https://github.com/DefinitelyTyped/DefinitelyTyped"
"@types/three@0.152.1","MIT","https://github.com/DefinitelyTyped/DefinitelyTyped"
"@types/webxr@0.5.2","MIT","https://github.com/DefinitelyTyped/DefinitelyTyped"
"@types/yauzl@2.10.0","MIT","https://github.com/DefinitelyTyped/DefinitelyTyped"
"@typescript-eslint/eslint-plugin@5.59.6","MIT","https://github.com/typescript-eslint/typescript-eslint"
"@typescript-eslint/parser@5.59.6","BSD-2-Clause","https://github.com/typescript-eslint/typescript-eslint"
"@typescript-eslint/scope-manager@5.59.6","MIT","https://github.com/typescript-eslint/typescript-eslint"
"@typescript-eslint/type-utils@5.59.6","MIT","https://github.com/typescript-eslint/typescript-eslint"
"@typescript-eslint/types@5.59.6","MIT","https://github.com/typescript-eslint/typescript-eslint"
"@typescript-eslint/typescript-estree@5.59.6","BSD-2-Clause","https://github.com/typescript-eslint/typescript-eslint"
"@typescript-eslint/utils@5.59.6","MIT","https://github.com/typescript-eslint/typescript-eslint"
"@typescript-eslint/visitor-keys@5.59.6","MIT","https://github.com/typescript-eslint/typescript-eslint"
"@unocss/astro@0.52.0","MIT","https://github.com/unocss/unocss"
"@unocss/cli@0.52.0","MIT","https://github.com/unocss/unocss"
"@unocss/config@0.52.0","MIT","https://github.com/unocss/unocss"
"@unocss/core@0.52.0","MIT","https://github.com/unocss/unocss"
"@unocss/core@0.52.1","MIT","https://github.com/unocss/unocss"
"@unocss/extractor-arbitrary-variants@0.52.0","MIT","https://github.com/unocss/unocss"
"@unocss/extractor-svelte@0.52.0","MIT","https://github.com/unocss/unocss"
"@unocss/inspector@0.52.0","MIT","https://github.com/unocss/unocss"
"@unocss/postcss@0.52.0","MIT","https://github.com/unocss/unocss"
"@unocss/preset-attributify@0.52.0","MIT","https://github.com/unocss/unocss"
"@unocss/preset-icons@0.52.0","MIT","https://github.com/unocss/unocss"
"@unocss/preset-mini@0.52.0","MIT","https://github.com/unocss/unocss"
"@unocss/preset-tagify@0.52.0","MIT","https://github.com/unocss/unocss"
"@unocss/preset-typography@0.52.0","MIT","https://github.com/unocss/unocss"
"@unocss/preset-uno@0.52.0","MIT","https://github.com/unocss/unocss"
"@unocss/preset-web-fonts@0.52.0","MIT","https://github.com/unocss/unocss"
"@unocss/preset-wind@0.52.0","MIT","https://github.com/unocss/unocss"
"@unocss/reset@0.52.0","MIT","https://github.com/unocss/unocss"
"@unocss/scope@0.52.0","MIT","https://github.com/unocss/unocss"
"@unocss/transformer-attributify-jsx-babel@0.52.0","MIT","https://github.com/unocss/unocss"
"@unocss/transformer-attributify-jsx@0.52.0","MIT","https://github.com/unocss/unocss"
"@unocss/transformer-compile-class@0.52.0","MIT","https://github.com/unocss/unocss"
"@unocss/transformer-directives@0.52.0","MIT","https://github.com/unocss/unocss"
"@unocss/transformer-directives@0.52.1","MIT","https://github.com/unocss/unocss"
"@unocss/transformer-variant-group@0.52.0","MIT","https://github.com/unocss/unocss"
"@unocss/vite@0.52.0","MIT","https://github.com/unocss/unocss"
"@webassemblyjs/ast@1.11.6","MIT","https://github.com/xtuc/webassemblyjs"
"@webassemblyjs/floating-point-hex-parser@1.11.6","MIT","https://github.com/xtuc/webassemblyjs"
"@webassemblyjs/helper-api-error@1.11.6","MIT","https://github.com/xtuc/webassemblyjs"
"@webassemblyjs/helper-buffer@1.11.6","MIT","https://github.com/xtuc/webassemblyjs"
"@webassemblyjs/helper-numbers@1.11.6","MIT","https://github.com/xtuc/webassemblyjs"
"@webassemblyjs/helper-wasm-bytecode@1.11.6","MIT","https://github.com/xtuc/webassemblyjs"
"@webassemblyjs/helper-wasm-section@1.11.6","MIT","https://github.com/xtuc/webassemblyjs"
"@webassemblyjs/ieee754@1.11.6","MIT","https://github.com/xtuc/webassemblyjs"
"@webassemblyjs/leb128@1.11.6","Apache-2.0","https://github.com/xtuc/webassemblyjs"
"@webassemblyjs/utf8@1.11.6","MIT","https://github.com/xtuc/webassemblyjs"
"@webassemblyjs/wasm-edit@1.11.6","MIT","https://github.com/xtuc/webassemblyjs"
"@webassemblyjs/wasm-gen@1.11.6","MIT","https://github.com/xtuc/webassemblyjs"
"@webassemblyjs/wasm-opt@1.11.6","MIT","https://github.com/xtuc/webassemblyjs"
"@webassemblyjs/wasm-parser@1.11.6","MIT","https://github.com/xtuc/webassemblyjs"
"@webassemblyjs/wast-printer@1.11.6","MIT","https://github.com/xtuc/webassemblyjs"
"@xtuc/ieee754@1.2.0","BSD-3-Clause","https://github.com/feross/ieee754"
"@xtuc/long@4.2.2","Apache-2.0","https://github.com/dcodeIO/long.js"
"abab@2.0.6","BSD-3-Clause","https://github.com/jsdom/abab"
"abbrev@1.1.1","ISC","https://github.com/isaacs/abbrev-js"
"accepts@1.3.8","MIT","https://github.com/jshttp/accepts"
"acorn-import-assertions@1.9.0","MIT","https://github.com/xtuc/acorn-import-assertions"
"acorn-jsx@5.3.2","MIT","https://github.com/acornjs/acorn-jsx"
"acorn@8.8.2","MIT","https://github.com/acornjs/acorn"
"adm-zip@0.5.10","MIT","https://github.com/cthackers/adm-zip"
"agent-base@6.0.2","MIT","https://github.com/TooTallNate/node-agent-base"
"agentkeepalive@4.3.0","MIT","https://github.com/node-modules/agentkeepalive"
"aggregate-error@3.1.0","MIT","https://github.com/sindresorhus/aggregate-error"
"ajv-keywords@3.5.2","MIT","https://github.com/epoberezkin/ajv-keywords"
"ajv@6.12.6","MIT","https://github.com/ajv-validator/ajv"
"amator@1.1.0","MIT","https://github.com/anvaka/amator"
"ansi-regex@5.0.1","MIT","https://github.com/chalk/ansi-regex"
"ansi-styles@3.2.1","MIT","https://github.com/chalk/ansi-styles"
"ansi-styles@4.3.0","MIT","https://github.com/chalk/ansi-styles"
"anymatch@3.1.3","ISC","https://github.com/micromatch/anymatch"
"app-builder-bin@4.0.0","MIT","https://github.com/develar/app-builder"
"app-builder-lib@24.4.0","MIT","https://github.com/electron-userland/electron-builder"
"aproba@2.0.0","ISC","https://github.com/iarna/aproba"
"are-we-there-yet@3.0.1","ISC","https://github.com/npm/are-we-there-yet"
"argparse@1.0.10","MIT","https://github.com/nodeca/argparse"
"argparse@2.0.1","Python-2.0","https://github.com/nodeca/argparse"
"array-find-index@1.0.2","MIT","https://github.com/sindresorhus/array-find-index"
"array-flatten@1.1.1","MIT","https://github.com/blakeembrey/array-flatten"
"array-union@1.0.2","MIT","https://github.com/sindresorhus/array-union"
"array-union@2.1.0","MIT","https://github.com/sindresorhus/array-union"
"array-uniq@1.0.3","MIT","https://github.com/sindresorhus/array-uniq"
"asap@2.0.6","MIT","https://github.com/kriskowal/asap"
"asn1.js@5.4.1","MIT","https://github.com/indutny/asn1.js"
"assert@2.1.0","MIT","https://github.com/browserify/commonjs-assert"
"async-exit-hook@2.0.1","MIT","https://github.com/tapppi/async-exit-hook"
"async@3.2.4","MIT","https://github.com/caolan/async"
"asynckit@0.4.0","MIT","https://github.com/alexindigo/asynckit"
"at-least-node@1.0.0","ISC","https://github.com/RyanZim/at-least-node"
"autoprefixer@10.4.14","MIT","https://github.com/postcss/autoprefixer"
"available-typed-arrays@1.0.5","MIT","https://github.com/inspect-js/available-typed-arrays"
"axios@1.4.0","MIT","https://github.com/axios/axios"
"babel-plugin-polyfill-corejs2@0.4.3","MIT","https://github.com/babel/babel-polyfills"
"babel-plugin-polyfill-corejs3@0.8.1","MIT","https://github.com/babel/babel-polyfills"
"babel-plugin-polyfill-regenerator@0.5.0","MIT","https://github.com/babel/babel-polyfills"
"balanced-match@1.0.2","MIT","https://github.com/juliangruber/balanced-match"
"base64-js@1.5.1","MIT","https://github.com/beatgammit/base64-js"
"bcryptjs@2.4.3","MIT","https://github.com/dcodeIO/bcrypt.js"
"bezier-easing@2.1.0","MIT","https://github.com/gre/bezier-easing"
"big.js@5.2.2","MIT","https://github.com/MikeMcl/big.js"
"binary-extensions@2.2.0","MIT","https://github.com/sindresorhus/binary-extensions"
"bl@4.1.0","MIT","https://github.com/rvagg/bl"
"bluebird-lst@1.0.9","MIT","https://github.com/develar/fs-extra-p"
"bluebird@3.7.2","MIT","https://github.com/petkaantonov/bluebird"
"bn.js@4.12.0","MIT","https://github.com/indutny/bn.js"
"bn.js@5.2.1","MIT","https://github.com/indutny/bn.js"
"body-parser@1.20.1","MIT","https://github.com/expressjs/body-parser"
"boolean@3.2.0","MIT","https://github.com/thenativeweb/boolean"
"brace-expansion@1.1.11","MIT","https://github.com/juliangruber/brace-expansion"
"brace-expansion@2.0.1","MIT","https://github.com/juliangruber/brace-expansion"
"braces@3.0.2","MIT","https://github.com/micromatch/braces"
"brorand@1.1.0","MIT","https://github.com/indutny/brorand"
"browser-resolve@2.0.0","MIT","https://github.com/browserify/browser-resolve"
"browserify-aes@1.2.0","MIT","https://github.com/crypto-browserify/browserify-aes"
"browserify-cipher@1.0.1","MIT","https://github.com/crypto-browserify/browserify-cipher"
"browserify-des@1.0.2","MIT","https://github.com/crypto-browserify/browserify-des"
"browserify-rsa@4.1.0","MIT","https://github.com/crypto-browserify/browserify-rsa"
"browserify-sign@4.2.1","ISC","https://github.com/crypto-browserify/browserify-sign"
"browserify-zlib@0.2.0","MIT","https://github.com/devongovett/browserify-zlib"
"browserslist@4.21.5","MIT","https://github.com/browserslist/browserslist"
"buffer-crc32@0.2.13","MIT","https://github.com/brianloveswords/buffer-crc32"
"buffer-equal@1.0.1","MIT","https://github.com/inspect-js/buffer-equal"
"buffer-from@1.1.2","MIT","https://github.com/LinusU/buffer-from"
"buffer-xor@1.0.3","MIT","https://github.com/crypto-browserify/buffer-xor"
"buffer@5.7.1","MIT","https://github.com/feross/buffer"
"buffer@6.0.3","MIT","https://github.com/feross/buffer"
"builder-util-runtime@9.2.1","MIT","https://github.com/electron-userland/electron-builder"
"builder-util@24.4.0","MIT","https://github.com/electron-userland/electron-builder"
"builtin-status-codes@3.0.0","MIT","https://github.com/bendrucker/builtin-status-codes"
"busboy@1.6.0","MIT","https://github.com/mscdex/busboy"
"bytes@3.1.2","MIT","https://github.com/visionmedia/bytes.js"
"cac@6.7.14","MIT","https://github.com/egoist/cac"
"cacache@16.1.3","ISC","https://github.com/npm/cacache"
"cacheable-lookup@5.0.4","MIT","https://github.com/szmarczak/cacheable-lookup"
"cacheable-request@7.0.2","MIT","https://github.com/lukechilds/cacheable-request"
"call-bind@1.0.2","MIT","https://github.com/ljharb/call-bind"
"callsites@3.1.0","MIT","https://github.com/sindresorhus/callsites"
"camel-case@4.1.2","MIT","https://github.com/blakeembrey/change-case"
"caniuse-lite@1.0.30001489","CC-BY-4.0","https://github.com/browserslist/caniuse-lite"
"capital-case@1.0.4","MIT","https://github.com/blakeembrey/change-case"
"carbon-components-svelte@0.74.0","Apache-2.0","https://github.com/carbon-design-system/carbon-components-svelte"
"carbon-icons-svelte@11.4.0","Apache-2.0","https://github.com/carbon-design-system/carbon-icons-svelte"
"chalk@2.4.2","MIT","https://github.com/chalk/chalk"
"chalk@4.1.2","MIT","https://github.com/chalk/chalk"
"change-case@4.1.2","MIT","https://github.com/blakeembrey/change-case"
"chart.js@4.3.0","MIT","https://github.com/chartjs/Chart.js"
"chartjs-chart-error-bars@4.3.2","MIT","https://github.com/sgratzl/chartjs-chart-error-bars"
"chartjs-plugin-annotation@3.0.1","MIT","https://github.com/chartjs/chartjs-plugin-annotation"
"chartjs-plugin-datalabels@2.2.0","MIT","https://github.com/chartjs/chartjs-plugin-datalabels"
"chartjs-plugin-zoom@2.0.1","MIT","https://github.com/chartjs/chartjs-plugin-zoom"
"chokidar@3.5.3","MIT","https://github.com/paulmillr/chokidar"
"chownr@2.0.0","ISC","https://github.com/isaacs/chownr"
"chrome-trace-event@1.0.3","MIT","https://github.com/samccone/chrome-trace-event"
"chromium-pickle-js@0.2.0","MIT","https://github.com/electron/node-chromium-pickle-js"
"ci-info@3.8.0","MIT","https://github.com/watson/ci-info"
"cipher-base@1.0.4","MIT","https://github.com/crypto-browserify/cipher-base"
"clean-stack@2.2.0","MIT","https://github.com/sindresorhus/clean-stack"
"cli-cursor@3.1.0","MIT","https://github.com/sindresorhus/cli-cursor"
"cli-spinners@2.9.0","MIT","https://github.com/sindresorhus/cli-spinners"
"cliui@8.0.1","ISC","https://github.com/yargs/cliui"
"clone-response@1.0.3","MIT","https://github.com/sindresorhus/clone-response"
"clone@1.0.4","MIT","https://github.com/pvorb/node-clone"
"coi-serviceworker@0.1.6","MIT","https://github.com/gzuidhof/coi-serviceworker"
"color-convert@1.9.3","MIT","https://github.com/Qix-/color-convert"
"color-convert@2.0.1","MIT","https://github.com/Qix-/color-convert"
"color-name@1.1.3","MIT","https://github.com/dfcreative/color-name"
"color-name@1.1.4","MIT","https://github.com/colorjs/color-name"
"color-string@1.9.1","MIT","https://github.com/Qix-/color-string"
"color-support@1.1.3","ISC","https://github.com/isaacs/color-support"
"color@3.2.1","MIT","https://github.com/Qix-/color"
"colorette@1.4.0","MIT","https://github.com/jorgebucaran/colorette"
"colorette@2.0.20","MIT","https://github.com/jorgebucaran/colorette"
"combined-stream@1.0.8","MIT","https://github.com/felixge/node-combined-stream"
"comlink@4.4.1","Apache-2.0","https://github.com/GoogleChromeLabs/comlink"
"commander@2.20.3","MIT","https://github.com/tj/commander.js"
"commander@5.1.0","MIT","https://github.com/tj/commander.js"
"commander@9.2.0","MIT","https://github.com/tj/commander.js"
"commondir@1.0.1","MIT","https://github.com/substack/node-commondir"
"compare-version@0.1.2","MIT","https://github.com/kevva/compare-version"
"concat-map@0.0.1","MIT","https://github.com/substack/node-concat-map"
"concurrently@8.0.1","MIT","https://github.com/open-cli-tools/concurrently"
"config-file-ts@0.2.4","MIT","https://github.com/mighdoll/config-file-ts"
"consola@3.1.0","MIT","https://github.com/unjs/consola"
"console-browserify@1.2.0","MIT","https://github.com/browserify/console-browserify"
"console-control-strings@1.1.0","ISC","https://github.com/iarna/console-control-strings"
"constant-case@3.0.4","MIT","https://github.com/blakeembrey/change-case"
"constants-browserify@1.0.0","MIT","https://github.com/juliangruber/constants-browserify"
"content-disposition@0.5.4","MIT","https://github.com/jshttp/content-disposition"
"content-type@1.0.5","MIT","https://github.com/jshttp/content-type"
"convert-source-map@1.9.0","MIT","https://github.com/thlorenz/convert-source-map"
"cookie-signature@1.0.6","MIT","https://github.com/visionmedia/node-cookie-signature"
"cookie@0.5.0","MIT","https://github.com/jshttp/cookie"
"core-js-compat@3.30.2","MIT","https://github.com/zloirock/core-js"
"core-js-pure@3.32.2","MIT","https://github.com/zloirock/core-js"
"core-util-is@1.0.2","MIT","https://github.com/isaacs/core-util-is"
"cornerstone-core@2.6.1","MIT","https://github.com/cornerstonejs/cornerstone"
"cornerstone-wado-image-loader@4.13.1","MIT","https://github.com/cornerstonejs/cornerstoneWADOImageLoader"
"coverage-istanbul-loader@3.0.5","MIT","https://github.com/JS-DevTools/coverage-istanbul-loader"
"create-ecdh@4.0.4","MIT","https://github.com/crypto-browserify/createECDH"
"create-hash@1.2.0","MIT","https://github.com/crypto-browserify/createHash"
"create-hmac@1.1.7","MIT","https://github.com/crypto-browserify/createHmac"
"create-require@1.1.1","MIT","https://github.com/nuxt-contrib/create-require"
"cross-spawn@7.0.3","MIT","https://github.com/moxystudio/node-cross-spawn"
"crypto-browserify@3.12.0","MIT","https://github.com/crypto-browserify/crypto-browserify"
"css-styled@1.0.6","MIT","https://github.com/daybrush/css-styled"
"css-tree@2.3.1","MIT","https://github.com/csstree/csstree"
"cssstyle@3.0.0","MIT","https://github.com/jsdom/cssstyle"
"csstype@3.1.2","MIT","https://github.com/frenic/csstype"
"csv-generate@4.3.0","MIT","https://github.com/adaltas/node-csv"
"csv-parse@5.5.2","MIT","https://github.com/adaltas/node-csv"
"csv-stringify@6.4.4","MIT","https://github.com/adaltas/node-csv"
"csv@6.3.5","MIT","https://github.com/adaltas/node-csv"
"d3-array@3.2.3","ISC","https://github.com/d3/d3-array"
"d3-color@3.1.0","ISC","https://github.com/d3/d3-color"
"d3-dispatch@2.0.0","BSD-3-Clause","https://github.com/d3/d3-dispatch"
"d3-ease@1.0.7","BSD-3-Clause","https://github.com/d3/d3-ease"
"d3-force@2.1.1","BSD-3-Clause","https://github.com/d3/d3-force"
"d3-format@3.1.0","ISC","https://github.com/d3/d3-format"
"d3-interpolate@3.0.1","ISC","https://github.com/d3/d3-interpolate"
"d3-quadtree@2.0.0","BSD-3-Clause","https://github.com/d3/d3-quadtree"
"d3-scale@4.0.2","ISC","https://github.com/d3/d3-scale"
"d3-time-format@4.1.0","ISC","https://github.com/d3/d3-time-format"
"d3-time@3.1.0","ISC","https://github.com/d3/d3-time"
"d3-timer@1.0.10","BSD-3-Clause","https://github.com/d3/d3-timer"
"dagre-compound@0.0.11","MIT","https://github.com/PLACEHOLDER"
"dagre@0.8.5","MIT","https://github.com/dagrejs/dagre"
"data-urls@4.0.0","MIT","https://github.com/jsdom/data-urls"
"date-fns@2.30.0","MIT","https://github.com/date-fns/date-fns"
"date-format@4.0.14","MIT","https://github.com/nomiddlename/date-format"
"dcmjs@0.29.9","MIT","https://github.com/dcmjs-org/dcmjs"
"debug@2.6.9","MIT","https://github.com/visionmedia/debug"
"debug@3.2.7","MIT","https://github.com/visionmedia/debug"
"debug@4.3.4","MIT","https://github.com/debug-js/debug"
"debuglog@1.0.1","MIT","https://github.com/sam-github/node-debuglog"
"decimal.js@10.4.3","MIT","https://github.com/MikeMcl/decimal.js"
"decompress-response@6.0.0","MIT","https://github.com/sindresorhus/decompress-response"
"deep-is@0.1.4","MIT","https://github.com/thlorenz/deep-is"
"deepmerge@4.3.1","MIT","https://github.com/TehShrike/deepmerge"
"defaults@1.0.4","MIT","https://github.com/sindresorhus/node-defaults"
"defer-to-connect@2.0.1","MIT","https://github.com/szmarczak/defer-to-connect"
"define-properties@1.2.0","MIT","https://github.com/ljharb/define-properties"
"defu@6.1.2","MIT","https://github.com/unjs/defu"
"delayed-stream@1.0.0","MIT","https://github.com/felixge/node-delayed-stream"
"delegates@1.0.0","MIT","https://github.com/visionmedia/node-delegates"
"depd@2.0.0","MIT","https://github.com/dougwilson/nodejs-depd"
"des.js@1.1.0","MIT","https://github.com/indutny/des.js"
"destr@1.2.2","MIT","https://github.com/unjs/destr"
"destroy@1.2.0","MIT","https://github.com/stream-utils/destroy"
"detect-browser@5.3.0","MIT","https://github.com/DamonOehlman/detect-browser"
"detect-gpu@5.0.25","MIT","https://github.com/pmndrs/detect-gpu"
"detect-indent@6.1.0","MIT","https://github.com/sindresorhus/detect-indent"
"detect-libc@2.0.1","Apache-2.0","https://github.com/lovell/detect-libc"
"detect-node@2.1.0","MIT","https://github.com/iliakan/detect-node"
"devalue@4.3.1","MIT","https://github.com/Rich-Harris/devalue"
"dezalgo@1.0.4","ISC","https://github.com/npm/dezalgo"
"dicom-parser@1.8.21","MIT","https://github.com/cornerstonejs/dicomParser"
"dicomweb-client@0.10.3","MIT","https://github.com/dcmjs-org/dicomweb-client"
"diffie-hellman@5.0.3","MIT","https://github.com/crypto-browserify/diffie-hellman"
"dir-compare@3.3.0","MIT","https://github.com/gliviu/dir-compare"
"dir-glob@3.0.1","MIT","https://github.com/kevva/dir-glob"
"dmg-builder@24.4.0","MIT","https://github.com/electron-userland/electron-builder"
"doctrine@3.0.0","Apache-2.0","https://github.com/eslint/doctrine"
"domain-browser@4.22.0","MIT","https://github.com/bevry/domain-browser"
"domexception@4.0.0","MIT","https://github.com/jsdom/domexception"
"dot-case@3.0.4","MIT","https://github.com/blakeembrey/change-case"
"dotenv-expand@5.1.0","BSD-2-Clause",""
"dotenv@9.0.2","BSD-2-Clause","https://github.com/motdotla/dotenv"
"duplexer@0.1.2","MIT","https://github.com/Raynos/duplexer"
"ee-first@1.1.1","MIT","https://github.com/jonathanong/ee-first"
"ejs@3.1.9","Apache-2.0","https://github.com/mde/ejs"
"electron-builder@24.4.0","MIT","https://github.com/electron-userland/electron-builder"
"electron-publish@24.4.0","MIT","https://github.com/electron-userland/electron-builder"
"electron-reload@2.0.0-alpha.1","MIT","https://github.com/yan-foto/electron-reload"
"electron-serve@1.1.0","MIT","https://github.com/sindresorhus/electron-serve"
"electron-to-chromium@1.4.408","ISC","https://github.com/kilian/electron-to-chromium"
"electron-window-state@5.0.3","MIT","https://github.com/mawie81/electron-window-state"
"electron@24.3.1","MIT","https://github.com/electron/electron"
"elliptic@6.5.4","MIT","https://github.com/indutny/elliptic"
"email-addresses@5.0.0","MIT","https://github.com/jackbearheart/email-addresses"
"emoji-regex@8.0.0","MIT","https://github.com/mathiasbynens/emoji-regex"
"emojis-list@3.0.0","MIT","https://github.com/kikobeats/emojis-list"
"encodeurl@1.0.2","MIT","https://github.com/pillarjs/encodeurl"
"encoding@0.1.13","MIT","https://github.com/andris9/encoding"
"end-of-stream@1.4.4","MIT","https://github.com/mafintosh/end-of-stream"
"enhanced-resolve@5.14.1","MIT","https://github.com/webpack/enhanced-resolve"
"entities@4.5.0","BSD-2-Clause","https://github.com/fb55/entities"
"env-paths@2.2.1","MIT","https://github.com/sindresorhus/env-paths"
"err-code@2.0.3","MIT","https://github.com/IndigoUnited/js-err-code"
"es-module-lexer@1.2.1","MIT","https://github.com/guybedford/es-module-lexer"
"es6-error@4.1.1","MIT","https://github.com/bjyoungblood/es6-error"
"es6-promise@3.3.1","MIT","https://github.com/stefanpenner/es6-promise"
"esbuild@0.17.19","MIT","https://github.com/evanw/esbuild"
"escalade@3.1.1","MIT","https://github.com/lukeed/escalade"
"escape-html@1.0.3","MIT","https://github.com/component/escape-html"
"escape-string-regexp@1.0.5","MIT","https://github.com/sindresorhus/escape-string-regexp"
"escape-string-regexp@4.0.0","MIT","https://github.com/sindresorhus/escape-string-regexp"
"eslint-config-prettier@8.8.0","MIT","https://github.com/prettier/eslint-config-prettier"
"eslint-plugin-svelte@2.28.0","MIT","https://github.com/sveltejs/eslint-plugin-svelte"
"eslint-scope@5.1.1","BSD-2-Clause","https://github.com/eslint/eslint-scope"
"eslint-scope@7.2.0","BSD-2-Clause","https://github.com/eslint/eslint-scope"
"eslint-visitor-keys@2.1.0","Apache-2.0","https://github.com/eslint/eslint-visitor-keys"
"eslint-visitor-keys@3.4.1","Apache-2.0","https://github.com/eslint/eslint-visitor-keys"
"eslint@8.41.0","MIT","https://github.com/eslint/eslint"
"esm-env@1.0.0","MIT","https://github.com/benmccann/esm-env"
"espree@9.5.2","BSD-2-Clause","https://github.com/eslint/espree"
"esprima@4.0.1","BSD-2-Clause","https://github.com/jquery/esprima"
"esquery@1.5.0","BSD-3-Clause","https://github.com/estools/esquery"
"esrecurse@4.3.0","BSD-2-Clause","https://github.com/estools/esrecurse"
"estraverse@4.3.0","BSD-2-Clause","https://github.com/estools/estraverse"
"estraverse@5.3.0","BSD-2-Clause","https://github.com/estools/estraverse"
"estree-walker@2.0.2","MIT","https://github.com/Rich-Harris/estree-walker"
"esutils@2.0.3","BSD-2-Clause","https://github.com/estools/esutils"
"etag@1.8.1","MIT","https://github.com/jshttp/etag"
"eventemitter3@4.0.7","MIT","https://github.com/primus/eventemitter3"
"events@3.3.0","MIT","https://github.com/Gozala/events"
"eventsource@2.0.2","MIT","https://github.com/EventSource/eventsource"
"evp_bytestokey@1.0.3","MIT","https://github.com/crypto-browserify/EVP_BytesToKey"
"execa@5.1.1","MIT","https://github.com/sindresorhus/execa"
"express@4.18.2","MIT","https://github.com/expressjs/express"
"extract-zip@2.0.1","BSD-2-Clause","https://github.com/maxogden/extract-zip"
"fast-deep-equal@3.1.3","MIT","https://github.com/epoberezkin/fast-deep-equal"
"fast-glob@3.2.12","MIT","https://github.com/mrmlnc/fast-glob"
"fast-json-stable-stringify@2.1.0","MIT","https://github.com/epoberezkin/fast-json-stable-stringify"
"fast-levenshtein@2.0.6","MIT","https://github.com/hiddentao/fast-levenshtein"
"fastq@1.15.0","ISC","https://github.com/mcollina/fastq"
"fd-slicer@1.1.0","MIT","https://github.com/andrewrk/node-fd-slicer"
"fecha@4.2.3","MIT","git+https://taylorhakes@github.com/taylorhakes/fecha"
"fflate@0.6.10","MIT","https://github.com/101arrowz/fflate"
"fflate@0.7.3","MIT","https://github.com/101arrowz/fflate"
"file-entry-cache@6.0.1","MIT","https://github.com/royriojas/file-entry-cache"
"filelist@1.0.4","Apache-2.0","https://github.com/mde/filelist"
"filename-reserved-regex@2.0.0","MIT","https://github.com/sindresorhus/filename-reserved-regex"
"filenamify@4.3.0","MIT","https://github.com/sindresorhus/filenamify"
"fill-range@7.0.1","MIT","https://github.com/jonschlinkert/fill-range"
"finalhandler@1.2.0","MIT","https://github.com/pillarjs/finalhandler"
"find-cache-dir@3.3.2","MIT","https://github.com/avajs/find-cache-dir"
"find-up@4.1.0","MIT","https://github.com/sindresorhus/find-up"
"find-up@5.0.0","MIT","https://github.com/sindresorhus/find-up"
"flat-cache@3.0.4","MIT","https://github.com/royriojas/flat-cache"
"flatpickr@4.6.9","MIT","https://github.com/chmln/flatpickr"
"flatted@3.2.7","ISC","https://github.com/WebReflection/flatted"
"flru@1.0.2","MIT","https://github.com/lukeed/flru"
"follow-redirects@1.15.2","MIT","https://github.com/follow-redirects/follow-redirects"
"for-each@0.3.3","MIT","https://github.com/Raynos/for-each"
"form-data@4.0.0","MIT","https://github.com/form-data/form-data"
"forwarded@0.2.0","MIT","https://github.com/jshttp/forwarded"
"fraction.js@4.2.0","MIT","https://github.com/infusion/Fraction.js"
"framework-utils@1.1.0","MIT","https://github.com/daybrush/framework-utils"
"fresh@0.5.2","MIT","https://github.com/jshttp/fresh"
"fs-extra@10.1.0","MIT","https://github.com/jprichardson/node-fs-extra"
"fs-extra@11.1.1","MIT","https://github.com/jprichardson/node-fs-extra"
"fs-extra@8.1.0","MIT","https://github.com/jprichardson/node-fs-extra"
"fs-extra@9.1.0","MIT","https://github.com/jprichardson/node-fs-extra"
"fs-minipass@2.1.0","ISC","https://github.com/npm/fs-minipass"
"fs.realpath@1.0.0","ISC","https://github.com/isaacs/fs.realpath"
"function-bind@1.1.1","MIT","https://github.com/Raynos/function-bind"
"gauge@4.0.4","ISC","https://github.com/npm/gauge"
"gensync@1.0.0-beta.2","MIT","https://github.com/loganfsmyth/gensync"
"gesto@1.18.0","MIT","https://github.com/daybrush/gesto"
"get-caller-file@2.0.5","ISC","https://github.com/stefanpenner/get-caller-file"
"get-intrinsic@1.2.1","MIT","https://github.com/ljharb/get-intrinsic"
"get-stream@5.2.0","MIT","https://github.com/sindresorhus/get-stream"
"get-stream@6.0.1","MIT","https://github.com/sindresorhus/get-stream"
"gh-pages@5.0.0","MIT","https://github.com/tschaub/gh-pages"
"gl-matrix@3.4.3","MIT","https://github.com/toji/gl-matrix"
"gl-vec2@1.3.0","Custom: http://badges.github.io/stability-badges/dist/stable.svg","https://github.com/stackgl/gl-vec2"
"glob-parent@5.1.2","ISC","https://github.com/gulpjs/glob-parent"
"glob-parent@6.0.2","ISC","https://github.com/gulpjs/glob-parent"
"glob-to-regexp@0.4.1","BSD-2-Clause","https://github.com/fitzgen/glob-to-regexp"
"glob@7.2.3","ISC","https://github.com/isaacs/node-glob"
"glob@8.1.0","ISC","https://github.com/isaacs/node-glob"
"global-agent@3.0.0","BSD-3-Clause","https://github.com/gajus/global-agent"
"globals@11.12.0","MIT","https://github.com/sindresorhus/globals"
"globals@13.20.0","MIT","https://github.com/sindresorhus/globals"
"globalthis@1.0.3","MIT","https://github.com/ljharb/System.global"
"globalyzer@0.1.0","MIT","https://github.com/terkelg/globalyzer"
"globby@10.0.1","MIT","https://github.com/sindresorhus/globby"
"globby@11.1.0","MIT","https://github.com/sindresorhus/globby"
"globby@6.1.0","MIT","https://github.com/sindresorhus/globby"
"globrex@0.1.2","MIT","https://github.com/terkelg/globrex"
"gopd@1.0.1","MIT","https://github.com/ljharb/gopd"
"got@11.8.6","MIT","https://github.com/sindresorhus/got"
"graceful-fs@4.2.11","ISC","https://github.com/isaacs/node-graceful-fs"
"grapheme-splitter@1.0.4","MIT","https://github.com/orling/grapheme-splitter"
"graphemer@1.4.0","MIT","https://github.com/flmnt/graphemer"
"graphlib@2.1.8","MIT","https://github.com/dagrejs/graphlib"
"gzip-size@6.0.0","MIT","https://github.com/sindresorhus/gzip-size"
"hammerjs@2.0.8","MIT","https://github.com/hammerjs/hammer.js"
"has-flag@3.0.0","MIT","https://github.com/sindresorhus/has-flag"
"has-flag@4.0.0","MIT","https://github.com/sindresorhus/has-flag"
"has-property-descriptors@1.0.0","MIT","https://github.com/inspect-js/has-property-descriptors"
"has-proto@1.0.1","MIT","https://github.com/inspect-js/has-proto"
"has-symbols@1.0.3","MIT","https://github.com/inspect-js/has-symbols"
"has-tostringtag@1.0.0","MIT","https://github.com/inspect-js/has-tostringtag"
"has-unicode@2.0.1","ISC","https://github.com/iarna/has-unicode"
"has@1.0.3","MIT","https://github.com/tarruda/has"
"hash-base@3.1.0","MIT","https://github.com/crypto-browserify/hash-base"
"hash.js@1.1.7","MIT","https://github.com/indutny/hash.js"
"header-case@2.0.4","MIT","https://github.com/blakeembrey/change-case"
"hmac-drbg@1.0.1","MIT","https://github.com/indutny/hmac-drbg"
"hosted-git-info@2.8.9","ISC","https://github.com/npm/hosted-git-info"
"hosted-git-info@4.1.0","ISC","https://github.com/npm/hosted-git-info"
"html-encoding-sniffer@3.0.0","MIT","https://github.com/jsdom/html-encoding-sniffer"
"http-cache-semantics@4.1.1","BSD-2-Clause","https://github.com/kornelski/http-cache-semantics"
"http-errors@2.0.0","MIT","https://github.com/jshttp/http-errors"
"http-proxy-agent@5.0.0","MIT","https://github.com/TooTallNate/node-http-proxy-agent"
"http2-wrapper@1.0.3","MIT","https://github.com/szmarczak/http2-wrapper"
"https-browserify@1.0.0","MIT","https://github.com/substack/https-browserify"
"https-proxy-agent@5.0.1","MIT","https://github.com/TooTallNate/node-https-proxy-agent"
"human-signals@2.1.0","Apache-2.0","https://github.com/ehmicky/human-signals"
"humanize-ms@1.2.1","MIT","https://github.com/node-modules/humanize-ms"
"iconv-lite@0.4.24","MIT","https://github.com/ashtuchkin/iconv-lite"
"iconv-lite@0.6.3","MIT","https://github.com/ashtuchkin/iconv-lite"
"ieee754@1.2.1","BSD-3-Clause","https://github.com/feross/ieee754"
"ignore@5.2.4","MIT","https://github.com/kaelzhang/node-ignore"
"immediate@3.0.6","MIT","https://github.com/calvinmetcalf/immediate"
"immutable@4.3.0","MIT","https://github.com/immutable-js/immutable-js"
"import-fresh@3.3.0","MIT","https://github.com/sindresorhus/import-fresh"
"import-meta-resolve@3.0.0","MIT","https://github.com/wooorm/import-meta-resolve"
"imurmurhash@0.1.4","MIT","https://github.com/jensyt/imurmurhash-js"
"indent-string@4.0.0","MIT","https://github.com/sindresorhus/indent-string"
"infer-owner@1.0.4","ISC","https://github.com/npm/infer-owner"
"infinite-viewer@0.25.1","MIT","https://github.com/daybrush/infinite-viewer"
"inflight@1.0.6","ISC","https://github.com/npm/inflight"
"inherits@2.0.4","ISC","https://github.com/isaacs/inherits"
"insert-css@2.0.0","MIT","https://github.com/substack/insert-css"
"internmap@2.0.3","ISC","https://github.com/mbostock/internmap"
"interpret@1.4.0","MIT","https://github.com/gulpjs/interpret"
"iota-array@1.0.0","MIT","https://github.com/mikolalysenko/iota-array"
"ip@2.0.0","MIT","https://github.com/indutny/node-ip"
"ipaddr.js@1.9.1","MIT","https://github.com/whitequark/ipaddr.js"
"is-any-array@2.0.1","MIT","https://github.com/cheminfo-js/is-any-array"
"is-arguments@1.1.1","MIT","https://github.com/inspect-js/is-arguments"
"is-arrayish@0.3.2","MIT","https://github.com/qix-/node-is-arrayish"
"is-binary-path@2.1.0","MIT","https://github.com/sindresorhus/is-binary-path"
"is-buffer@1.1.6","MIT","https://github.com/feross/is-buffer"
"is-callable@1.2.7","MIT","https://github.com/inspect-js/is-callable"
"is-ci@3.0.1","MIT","https://github.com/watson/is-ci"
"is-core-module@2.12.1","MIT","https://github.com/inspect-js/is-core-module"
"is-extglob@2.1.1","MIT","https://github.com/jonschlinkert/is-extglob"
"is-fullwidth-code-point@3.0.0","MIT","https://github.com/sindresorhus/is-fullwidth-code-point"
"is-generator-function@1.0.10","MIT","https://github.com/inspect-js/is-generator-function"
"is-glob@4.0.3","MIT","https://github.com/micromatch/is-glob"
"is-interactive@1.0.0","MIT","https://github.com/sindresorhus/is-interactive"
"is-lambda@1.0.1","MIT","https://github.com/watson/is-lambda"
"is-nan@1.3.2","MIT","https://github.com/es-shims/is-nan"
"is-number@7.0.0","MIT","https://github.com/jonschlinkert/is-number"
"is-path-inside@3.0.3","MIT","https://github.com/sindresorhus/is-path-inside"
"is-plain-object@3.0.1","MIT","https://github.com/jonschlinkert/is-plain-object"
"is-potential-custom-element-name@1.0.1","MIT","https://github.com/mathiasbynens/is-potential-custom-element-name"
"is-stream@2.0.1","MIT","https://github.com/sindresorhus/is-stream"
"is-typed-array@1.1.12","MIT","https://github.com/inspect-js/is-typed-array"
"is-unicode-supported@0.1.0","MIT","https://github.com/sindresorhus/is-unicode-supported"
"isarray@1.0.0","MIT","https://github.com/juliangruber/isarray"
"isbinaryfile@4.0.10","MIT","https://github.com/gjtorikian/isBinaryFile"
"isbinaryfile@5.0.0","MIT","https://github.com/gjtorikian/isBinaryFile"
"isexe@2.0.0","ISC","https://github.com/isaacs/isexe"
"isomorphic-timers-promises@1.0.1","MIT","https://github.com/niksy/isomorphic-timers-promises"
"istanbul-lib-coverage@3.2.0","BSD-3-Clause","https://github.com/istanbuljs/istanbuljs"
"istanbul-lib-instrument@4.0.3","BSD-3-Clause","https://github.com/istanbuljs/istanbuljs"
"jake@10.8.7","Apache-2.0","https://github.com/jakejs/jake"
"jest-worker@27.5.1","MIT","https://github.com/facebook/jest"
"jiti@1.18.2","MIT","https://github.com/unjs/jiti"
"js-tokens@4.0.0","MIT","https://github.com/lydell/js-tokens"
"js-yaml@3.14.0","MIT","https://github.com/nodeca/js-yaml"
"js-yaml@4.1.0","MIT","https://github.com/nodeca/js-yaml"
"jsdom@22.1.0","MIT","https://github.com/jsdom/jsdom"
"jsesc@0.5.0","MIT","https://github.com/mathiasbynens/jsesc"
"jsesc@2.5.2","MIT","https://github.com/mathiasbynens/jsesc"
"json-buffer@3.0.1","MIT","https://github.com/dominictarr/json-buffer"
"json-parse-even-better-errors@2.3.1","MIT","https://github.com/npm/json-parse-even-better-errors"
"json-schema-traverse@0.4.1","MIT","https://github.com/epoberezkin/json-schema-traverse"
"json-stable-stringify-without-jsonify@1.0.1","MIT","https://github.com/samn/json-stable-stringify"
"json-stringify-safe@5.0.1","ISC","https://github.com/isaacs/json-stringify-safe"
"json5@1.0.2","MIT","https://github.com/json5/json5"
"json5@2.2.3","MIT","https://github.com/json5/json5"
"jsonfile@4.0.0","MIT","https://github.com/jprichardson/node-jsonfile"
"jsonfile@6.1.0","MIT","https://github.com/jprichardson/node-jsonfile"
"jszip@3.10.1","(MIT OR GPL-3.0-or-later)","https://github.com/Stuk/jszip"
"keyv@4.5.2","MIT","https://github.com/jaredwray/keyv"
"kleur@4.1.5","MIT","https://github.com/lukeed/kleur"
"known-css-properties@0.27.0","MIT","https://github.com/known-css/known-css-properties"
"kolorist@1.8.0","MIT","https://github.com/marvinhagemeister/kolorist"
"lazy-val@1.0.5","MIT","https://github.com/develar/lazy-val"
"levn@0.4.1","MIT","https://github.com/gkz/levn"
"license-checker@25.0.1","BSD-3-Clause","https://github.com/davglass/license-checker"
"lie@3.3.0","MIT","https://github.com/calvinmetcalf/lie"
"lil-gui@0.17.0","MIT",""
"lilconfig@2.1.0","MIT","https://github.com/antonk52/lilconfig"
"loader-runner@4.3.0","MIT","https://github.com/webpack/loader-runner"
"loader-utils@1.4.2","MIT","https://github.com/webpack/loader-utils"
"loader-utils@2.0.4","MIT","https://github.com/webpack/loader-utils"
"local-pkg@0.4.3","MIT","https://github.com/antfu/local-pkg"
"locate-path@5.0.0","MIT","https://github.com/sindresorhus/locate-path"
"locate-path@6.0.0","MIT","https://github.com/sindresorhus/locate-path"
"lodash.clonedeep@4.5.0","MIT","https://github.com/lodash/lodash"
"lodash.debounce@4.0.8","MIT","https://github.com/lodash/lodash"
"lodash.get@4.4.2","MIT","https://github.com/lodash/lodash"
"lodash.merge@4.6.2","MIT","https://github.com/lodash/lodash"
"lodash@4.17.21","MIT","https://github.com/lodash/lodash"
"log-symbols@4.1.0","MIT","https://github.com/sindresorhus/log-symbols"
"loglevelnext@3.0.1","Custom: https://img.shields.io/circleci/project/github/shellscape/loglevelnext.svg","https://github.com/shellscape/loglevelnext"
"lower-case@2.0.2","MIT","https://github.com/blakeembrey/change-case"
"lowercase-keys@2.0.0","MIT","https://github.com/sindresorhus/lowercase-keys"
"lru-cache@5.1.1","ISC","https://github.com/isaacs/node-lru-cache"
"lru-cache@6.0.0","ISC","https://github.com/isaacs/node-lru-cache"
"lru-cache@7.18.3","ISC","https://github.com/isaacs/node-lru-cache"
"magic-string@0.27.0","MIT","https://github.com/rich-harris/magic-string"
"magic-string@0.30.0","MIT","https://github.com/rich-harris/magic-string"
"make-dir@3.1.0","MIT","https://github.com/sindresorhus/make-dir"
"make-fetch-happen@10.2.1","ISC","https://github.com/npm/make-fetch-happen"
"matcher@3.0.0","MIT","https://github.com/sindresorhus/matcher"
"md5.js@1.3.5","MIT","https://github.com/crypto-browserify/md5.js"
"mdn-data@2.0.30","CC0-1.0","https://github.com/mdn/data"
"media-typer@0.3.0","MIT","https://github.com/jshttp/media-typer"
"medical-demo@0.0.1","UNLICENSED",""
"merge-descriptors@1.0.1","MIT","https://github.com/component/merge-descriptors"
"merge-source-map@1.1.0","MIT","https://github.com/keik/merge-source-map"
"merge-stream@2.0.0","MIT","https://github.com/grncdr/merge-stream"
"merge2@1.4.1","MIT","https://github.com/teambition/merge2"
"methods@1.1.2","MIT","https://github.com/jshttp/methods"
"micromatch@4.0.5","MIT","https://github.com/micromatch/micromatch"
"miller-rabin@4.0.1","MIT","https://github.com/indutny/miller-rabin"
"mime-db@1.52.0","MIT","https://github.com/jshttp/mime-db"
"mime-types@2.1.35","MIT","https://github.com/jshttp/mime-types"
"mime@1.6.0","MIT","https://github.com/broofa/node-mime"
"mime@2.6.0","MIT","https://github.com/broofa/mime"
"mime@3.0.0","MIT","https://github.com/broofa/mime"
"mimic-fn@2.1.0","MIT","https://github.com/sindresorhus/mimic-fn"
"mimic-response@1.0.1","MIT","https://github.com/sindresorhus/mimic-response"
"mimic-response@3.1.0","MIT","https://github.com/sindresorhus/mimic-response"
"min-indent@1.0.1","MIT","https://github.com/thejameskyle/min-indent"
"minimalistic-assert@1.0.1","ISC","https://github.com/calvinmetcalf/minimalistic-assert"
"minimalistic-crypto-utils@1.0.1","MIT","https://github.com/indutny/minimalistic-crypto-utils"
"minimatch@3.1.2","ISC","https://github.com/isaacs/minimatch"
"minimatch@5.1.6","ISC","https://github.com/isaacs/minimatch"
"minimist@1.2.8","MIT","https://github.com/minimistjs/minimist"
"minipass-collect@1.0.2","ISC",""
"minipass-fetch@2.1.2","MIT","https://github.com/npm/minipass-fetch"
"minipass-flush@1.0.5","ISC","https://github.com/isaacs/minipass-flush"
"minipass-pipeline@1.2.4","ISC",""
"minipass-sized@1.0.3","ISC","https://github.com/isaacs/minipass-sized"
"minipass@3.3.6","ISC","https://github.com/isaacs/minipass"
"minipass@5.0.0","ISC","https://github.com/isaacs/minipass"
"minizlib@2.1.2","MIT","https://github.com/isaacs/minizlib"
"mkdirp@0.5.6","MIT","https://github.com/substack/node-mkdirp"
"mkdirp@1.0.4","MIT","https://github.com/isaacs/node-mkdirp"
"ml-array-max@1.2.4","MIT","https://github.com/mljs/array"
"ml-array-min@1.2.3","MIT","https://github.com/mljs/array"
"ml-array-rescale@1.3.7","MIT","https://github.com/mljs/array"
"ml-matrix@6.10.7","MIT","https://github.com/mljs/matrix"
"moment@2.29.4","MIT","https://github.com/moment/moment"
"mousetrap@1.6.5","Apache-2.0 WITH LLVM-exception","https://github.com/ccampbell/mousetrap"
"mri@1.2.0","MIT","https://github.com/lukeed/mri"
"mrmime@1.0.1","MIT","https://github.com/lukeed/mrmime"
"ms@2.0.0","MIT","https://github.com/zeit/ms"
"ms@2.1.2","MIT","https://github.com/zeit/ms"
"ms@2.1.3","MIT","https://github.com/vercel/ms"
"nanoid@3.3.6","MIT","https://github.com/ai/nanoid"
"natural-compare-lite@1.4.0","MIT","https://github.com/litejs/natural-compare-lite"
"natural-compare@1.4.0","MIT","https://github.com/litejs/natural-compare-lite"
"ndarray@1.0.19","MIT","https://github.com/mikolalysenko/ndarray"
"negotiator@0.6.3","MIT","https://github.com/jshttp/negotiator"
"neo-async@2.6.2","MIT","https://github.com/suguru03/neo-async"
"ngraph.events@1.2.2","BSD-3-Clause","https://github.com/anvaka/ngraph.events"
"no-case@3.0.4","MIT","https://github.com/blakeembrey/change-case"
"node-abi@3.43.0","MIT","https://github.com/electron/node-abi"
"node-api-version@0.1.4","MIT","https://github.com/timfish/node-api-version"
"node-fetch-native@1.1.1","MIT","https://github.com/unjs/node-fetch-native"
"node-gyp@9.3.1","MIT","https://github.com/nodejs/node-gyp"
"node-releases@2.0.12","MIT","https://github.com/chicoxyzzy/node-releases"
"node-stdlib-browser@1.2.0","MIT","https://github.com/niksy/node-stdlib-browser"
"nopt@4.0.3","ISC","https://github.com/npm/nopt"
"nopt@6.0.0","ISC","https://github.com/npm/nopt"
"normalize-package-data@2.5.0","BSD-2-Clause","https://github.com/npm/normalize-package-data"
"normalize-path@3.0.0","MIT","https://github.com/jonschlinkert/normalize-path"
"normalize-range@0.1.2","MIT","https://github.com/jamestalmage/normalize-range"
"normalize-url@6.1.0","MIT","https://github.com/sindresorhus/normalize-url"
"npm-normalize-package-bin@1.0.1","ISC","https://github.com/npm/npm-normalize-package-bin"
"npm-run-path@4.0.1","MIT","https://github.com/sindresorhus/npm-run-path"
"npmlog@6.0.2","ISC","https://github.com/npm/npmlog"
"nwsapi@2.2.5","MIT","https://github.com/dperini/nwsapi"
"object-assign@4.1.1","MIT","https://github.com/sindresorhus/object-assign"
"object-inspect@1.12.3","MIT","https://github.com/inspect-js/object-inspect"
"object-is@1.1.5","MIT","https://github.com/es-shims/object-is"
"object-keys@1.1.1","MIT","https://github.com/ljharb/object-keys"
"object.assign@4.1.4","MIT","https://github.com/ljharb/object.assign"
"ofetch@1.0.1","MIT","https://github.com/unjs/ofetch"
"on-finished@2.4.1","MIT","https://github.com/jshttp/on-finished"
"once@1.4.0","ISC","https://github.com/isaacs/once"
"onetime@5.1.2","MIT","https://github.com/sindresorhus/onetime"
"optionator@0.9.1","MIT","https://github.com/gkz/optionator"
"ora@5.4.1","MIT","https://github.com/sindresorhus/ora"
"os-browserify@0.3.0","MIT","https://github.com/CoderPuppy/os-browserify"
"os-homedir@1.0.2","MIT","https://github.com/sindresorhus/os-homedir"
"os-tmpdir@1.0.2","MIT","https://github.com/sindresorhus/os-tmpdir"
"osenv@0.1.5","ISC","https://github.com/npm/osenv"
"p-cancelable@2.1.1","MIT","https://github.com/sindresorhus/p-cancelable"
"p-limit@2.3.0","MIT","https://github.com/sindresorhus/p-limit"
"p-limit@3.1.0","MIT","https://github.com/sindresorhus/p-limit"
"p-locate@4.1.0","MIT","https://github.com/sindresorhus/p-locate"
"p-locate@5.0.0","MIT","https://github.com/sindresorhus/p-locate"
"p-map@4.0.0","MIT","https://github.com/sindresorhus/p-map"
"p-try@2.2.0","MIT","https://github.com/sindresorhus/p-try"
"pako@1.0.11","(MIT AND Zlib)","https://github.com/nodeca/pako"
"pako@2.1.0","(MIT AND Zlib)","https://github.com/nodeca/pako"
"panzoom@9.4.3","MIT","https://github.com/anvaka/panzoom"
"param-case@3.0.4","MIT","https://github.com/blakeembrey/change-case"
"parent-module@1.0.1","MIT","https://github.com/sindresorhus/parent-module"
"parse-asn1@5.1.6","ISC","https://github.com/crypto-browserify/parse-asn1"
"parse5@7.1.2","MIT","https://github.com/inikulin/parse5"
"parseurl@1.3.3","MIT","https://github.com/pillarjs/parseurl"
"pascal-case@3.1.2","MIT","https://github.com/blakeembrey/change-case"
"path-browserify@1.0.1","MIT","https://github.com/browserify/path-browserify"
"path-case@3.0.4","MIT","https://github.com/blakeembrey/change-case"
"path-exists@4.0.0","MIT","https://github.com/sindresorhus/path-exists"
"path-is-absolute@1.0.1","MIT","https://github.com/sindresorhus/path-is-absolute"
"path-key@3.1.1","MIT","https://github.com/sindresorhus/path-key"
"path-parse@1.0.7","MIT","https://github.com/jbgutierrez/path-parse"
"path-to-regexp@0.1.7","MIT","https://github.com/component/path-to-regexp"
"path-type@4.0.0","MIT","https://github.com/sindresorhus/path-type"
"pathe@1.1.0","MIT","https://github.com/unjs/pathe"
"pbkdf2@3.1.2","MIT","https://github.com/crypto-browserify/pbkdf2"
"pend@1.2.0","MIT","https://github.com/andrewrk/node-pend"
"perfect-debounce@1.0.0","MIT","https://github.com/unjs/perfect-debounce"
"picocolors@1.0.0","ISC","https://github.com/alexeyraspopov/picocolors"
"picomatch@2.3.1","MIT","https://github.com/micromatch/picomatch"
"pify@2.3.0","MIT","https://github.com/sindresorhus/pify"
"pinkie-promise@2.0.1","MIT","https://github.com/floatdrop/pinkie-promise"
"pinkie@2.0.4","MIT","https://github.com/floatdrop/pinkie"
"pkg-dir@4.2.0","MIT","https://github.com/sindresorhus/pkg-dir"
"pkg-dir@5.0.0","MIT","https://github.com/sindresorhus/pkg-dir"
"plist@3.0.6","MIT","https://github.com/TooTallNate/node-plist"
"postcss-load-config@3.1.4","MIT","https://github.com/postcss/postcss-load-config"
"postcss-safe-parser@6.0.0","MIT","https://github.com/postcss/postcss-safe-parser"
"postcss-value-parser@4.2.0","MIT","https://github.com/TrySound/postcss-value-parser"
"postcss@8.4.23","MIT","https://github.com/postcss/postcss"
"prelude-ls@1.2.1","MIT","https://github.com/gkz/prelude-ls"
"prettier-plugin-svelte@2.10.0","MIT","https://github.com/sveltejs/prettier-plugin-svelte"
"prettier@2.8.8","MIT","https://github.com/prettier/prettier"
"probe.gl@3.6.0","MIT","https://github.com/uber-web/probe.gl"
"process-nextick-args@2.0.1","MIT","https://github.com/calvinmetcalf/process-nextick-args"
"process@0.11.10","MIT","https://github.com/shtylman/node-process"
"progress@2.0.3","MIT","https://github.com/visionmedia/node-progress"
"promise-inflight@1.0.1","ISC","https://github.com/iarna/promise-inflight"
"promise-retry@2.0.1","MIT","https://github.com/IndigoUnited/node-promise-retry"
"proxy-addr@2.0.7","MIT","https://github.com/jshttp/proxy-addr"
"proxy-from-env@1.1.0","MIT","https://github.com/Rob--W/proxy-from-env"
"psl@1.9.0","MIT","https://github.com/lupomontero/psl"
"public-encrypt@4.0.3","MIT","https://github.com/crypto-browserify/publicEncrypt"
"pump@3.0.0","MIT","https://github.com/mafintosh/pump"
"punycode@1.4.1","MIT","https://github.com/bestiejs/punycode.js"
"punycode@2.3.0","MIT","https://github.com/mathiasbynens/punycode.js"
"qs@6.11.0","BSD-3-Clause","https://github.com/ljharb/qs"
"qs@6.11.2","BSD-3-Clause","https://github.com/ljharb/qs"
"querystring-es3@0.2.1","MIT","https://github.com/mike-spainhower/querystring"
"querystringify@2.2.0","MIT","https://github.com/unshiftio/querystringify"
"queue-microtask@1.2.3","MIT","https://github.com/feross/queue-microtask"
"quick-lru@5.1.1","MIT","https://github.com/sindresorhus/quick-lru"
"randombytes@2.1.0","MIT","https://github.com/crypto-browserify/randombytes"
"randomfill@1.0.4","MIT","https://github.com/crypto-browserify/randomfill"
"range-parser@1.2.1","MIT","https://github.com/jshttp/range-parser"
"raw-body@2.5.1","MIT","https://github.com/stream-utils/raw-body"
"read-config-file@6.3.2","MIT","https://github.com/develar/read-config-file"
"read-installed@4.0.3","ISC","https://github.com/isaacs/read-installed"
"read-package-json@2.1.2","ISC","https://github.com/npm/read-package-json"
"readable-stream@2.3.8","MIT","https://github.com/nodejs/readable-stream"
"readable-stream@3.6.2","MIT","https://github.com/nodejs/readable-stream"
"readdir-scoped-modules@1.1.0","ISC","https://github.com/npm/readdir-scoped-modules"
"readdirp@3.6.0","MIT","https://github.com/paulmillr/readdirp"
"rechoir@0.6.2","MIT","https://github.com/tkellen/node-rechoir"
"reconnecting-eventsource@1.6.2","MIT","https://github.com/fanout/reconnecting-eventsource"
"regenerate-unicode-properties@10.1.0","MIT","https://github.com/mathiasbynens/regenerate-unicode-properties"
"regenerate@1.4.2","MIT","https://github.com/mathiasbynens/regenerate"
"regenerator-runtime@0.13.11","MIT","https://github.com/facebook/regenerator/tree/main/packages/runtime"
"regenerator-runtime@0.14.0","MIT","https://github.com/facebook/regenerator/tree/main/packages/runtime"
"regenerator-transform@0.15.1","MIT","https://github.com/facebook/regenerator/tree/main/packages/transform"
"regexpu-core@5.3.2","MIT","https://github.com/mathiasbynens/regexpu-core"
"regjsparser@0.9.1","BSD-2-Clause","https://github.com/jviereck/regjsparser"
"regl@1.7.0","MIT","https://github.com/regl-project/regl"
"require-directory@2.1.1","MIT","https://github.com/troygoode/node-require-directory"
"requires-port@1.0.0","MIT","https://github.com/unshiftio/requires-port"
"resolve-alpn@1.2.1","MIT","https://github.com/szmarczak/resolve-alpn"
"resolve-from@4.0.0","MIT","https://github.com/sindresorhus/resolve-from"
"resolve@1.22.2","MIT","https://github.com/browserify/resolve"
"responselike@2.0.1","MIT","https://github.com/sindresorhus/responselike"
"restore-cursor@3.1.0","MIT","https://github.com/sindresorhus/restore-cursor"
"retry@0.12.0","MIT","https://github.com/tim-kos/node-retry"
"reusify@1.0.4","MIT","https://github.com/mcollina/reusify"
"rimraf@2.7.1","ISC","https://github.com/isaacs/rimraf"
"rimraf@3.0.2","ISC","https://github.com/isaacs/rimraf"
"ripemd160@2.0.2","MIT","https://github.com/crypto-browserify/ripemd160"
"roarr@2.15.4","BSD-3-Clause","https://github.com/gajus/roarr"
"rollup-plugin-copy@3.4.0","MIT","https://github.com/vladshcherbin/rollup-plugin-copy"
"rollup@3.22.0","MIT","https://github.com/rollup/rollup"
"rrweb-cssom@0.6.0","MIT","https://github.com/rrweb-io/CSSOM"
"run-parallel@1.2.0","MIT","https://github.com/feross/run-parallel"
"rxjs@7.8.1","Apache-2.0","https://github.com/reactivex/rxjs"
"sade@1.8.1","MIT","https://github.com/lukeed/sade"
"safe-buffer@5.1.2","MIT","https://github.com/feross/safe-buffer"
"safe-buffer@5.2.1","MIT","https://github.com/feross/safe-buffer"
"safer-buffer@2.1.2","MIT","https://github.com/ChALkeR/safer-buffer"
"sander@0.5.1","MIT","https://github.com/rich-harris/sander"
"sanitize-filename@1.6.3","WTFPL OR ISC","https://github.com/parshap/node-sanitize-filename"
"sass@1.62.1","MIT","https://github.com/sass/dart-sass"
"sax@1.2.4","ISC","https://github.com/isaacs/sax-js"
"saxes@6.0.0","ISC","https://github.com/lddubeau/saxes"
"schema-utils@2.7.1","MIT","https://github.com/webpack/schema-utils"
"schema-utils@3.1.2","MIT","https://github.com/webpack/schema-utils"
"screenfull@6.0.2","MIT","https://github.com/sindresorhus/screenfull"
"seedrandom@3.0.5","MIT","https://github.com/davidbau/seedrandom"
"semver-compare@1.0.0","MIT","https://github.com/substack/semver-compare"
"semver@5.7.2","ISC","https://github.com/npm/node-semver"
"semver@6.3.0","ISC","https://github.com/npm/node-semver"
"semver@7.0.0","ISC","https://github.com/npm/node-semver"
"semver@7.5.1","ISC","https://github.com/npm/node-semver"
"send@0.18.0","MIT","https://github.com/pillarjs/send"
"sentence-case@3.0.4","MIT","https://github.com/blakeembrey/change-case"
"serialize-error@7.0.1","MIT","https://github.com/sindresorhus/serialize-error"
"serialize-javascript@6.0.1","BSD-3-Clause","https://github.com/yahoo/serialize-javascript"
"serve-static@1.15.0","MIT","https://github.com/expressjs/serve-static"
"set-blocking@2.0.0","ISC","https://github.com/yargs/set-blocking"
"set-cookie-parser@2.6.0","MIT","https://github.com/nfriedly/set-cookie-parser"
"setimmediate@1.0.5","MIT","https://github.com/YuzuJS/setImmediate"
"setprototypeof@1.2.0","ISC","https://github.com/wesleytodd/setprototypeof"
"sha.js@2.4.11","(MIT AND BSD-3-Clause)","https://github.com/crypto-browserify/sha.js"
"shader-loader@1.3.1","MIT","https://github.com/Makio64/shader-loader"
"shebang-command@2.0.0","MIT","https://github.com/kevva/shebang-command"
"shebang-regex@3.0.0","MIT","https://github.com/sindresorhus/shebang-regex"
"shell-quote@1.8.1","MIT","https://github.com/ljharb/shell-quote"
"shelljs@0.8.5","BSD-3-Clause","https://github.com/shelljs/shelljs"
"side-channel@1.0.4","MIT","https://github.com/ljharb/side-channel"
"signal-exit@3.0.7","ISC","https://github.com/tapjs/signal-exit"
"simple-swizzle@0.2.2","MIT","https://github.com/qix-/node-simple-swizzle"
"simple-update-notifier@1.1.0","MIT","https://github.com/alexbrazier/simple-update-notifier"
"sirv@2.0.3","MIT","https://github.com/lukeed/sirv"
"slash@3.0.0","MIT","https://github.com/sindresorhus/slash"
"slide@1.1.6","ISC","https://github.com/isaacs/slide-flow-control"
"smart-buffer@4.2.0","MIT","https://github.com/JoshGlazebrook/smart-buffer"
"snake-case@3.0.4","MIT","https://github.com/blakeembrey/change-case"
"socks-proxy-agent@7.0.0","MIT","https://github.com/TooTallNate/node-socks-proxy-agent"
"socks@2.7.1","MIT","https://github.com/JoshGlazebrook/socks"
"sorcery@0.11.0","MIT","https://github.com/Rich-Harris/sorcery"
"source-map-js@1.0.2","BSD-3-Clause","https://github.com/7rulnik/source-map-js"
"source-map-support@0.5.21","MIT","https://github.com/evanw/node-source-map-support"
"source-map@0.6.1","BSD-3-Clause","https://github.com/mozilla/source-map"
"spark-md5@3.0.2","(WTFPL OR MIT)","https://github.com/satazor/js-spark-md5"
"spawn-command@0.0.2-1","MIT","https://github.com/mmalecki/spawn-command"
"spdx-compare@1.0.0","MIT","https://github.com/kemitchell/spdx-compare.js"
"spdx-correct@3.2.0","Apache-2.0","https://github.com/jslicense/spdx-correct.js"
"spdx-exceptions@2.4.0","CC-BY-3.0","https://github.com/kemitchell/spdx-exceptions.json"
"spdx-expression-parse@3.0.1","MIT","https://github.com/jslicense/spdx-expression-parse.js"
"spdx-license-ids@3.0.16","CC0-1.0","https://github.com/jslicense/spdx-license-ids"
"spdx-ranges@2.1.1","(MIT AND CC-BY-3.0)","https://github.com/kemitchell/spdx-ranges.js"
"spdx-satisfies@4.0.1","MIT","https://github.com/kemitchell/spdx-satisfies.js"
"split-grid@1.0.11","MIT","https://github.com/nathancahill/split"
"sprintf-js@1.0.3","BSD-3-Clause","https://github.com/alexei/sprintf.js"
"sprintf-js@1.1.2","BSD-3-Clause","https://github.com/alexei/sprintf.js"
"ssri@9.0.1","ISC","https://github.com/npm/ssri"
"stat-mode@1.0.0","MIT","https://github.com/TooTallNate/stat-mode"
"statuses@2.0.1","MIT","https://github.com/jshttp/statuses"
"stream-browserify@3.0.0","MIT","https://github.com/browserify/stream-browserify"
"stream-http@3.2.0","MIT","https://github.com/jhiesey/stream-http"
"stream-transform@3.2.10","MIT","https://github.com/adaltas/node-csv"
"streamsearch@1.1.0","MIT","https://github.com/mscdex/streamsearch"
"string-width@4.2.3","MIT","https://github.com/sindresorhus/string-width"
"string_decoder@1.1.1","MIT","https://github.com/nodejs/string_decoder"
"string_decoder@1.3.0","MIT","https://github.com/nodejs/string_decoder"
"strip-ansi@6.0.1","MIT","https://github.com/chalk/strip-ansi"
"strip-final-newline@2.0.0","MIT","https://github.com/sindresorhus/strip-final-newline"
"strip-indent@3.0.0","MIT","https://github.com/sindresorhus/strip-indent"
"strip-json-comments@3.1.1","MIT","https://github.com/sindresorhus/strip-json-comments"
"strip-outer@1.0.1","MIT","https://github.com/sindresorhus/strip-outer"
"sumchecker@3.0.1","Apache-2.0","https://github.com/malept/sumchecker"
"supports-color@5.5.0","MIT","https://github.com/chalk/supports-color"
"supports-color@7.2.0","MIT","https://github.com/chalk/supports-color"
"supports-color@8.1.1","MIT","https://github.com/chalk/supports-color"
"supports-preserve-symlinks-flag@1.0.0","MIT","https://github.com/inspect-js/node-supports-preserve-symlinks-flag"
"svelte-chartjs@3.1.2","MIT","https://github.com/SauravKanchan/svelte-chartjs"
"svelte-check@3.3.2","MIT","https://github.com/sveltejs/language-tools"
"svelte-eslint-parser@0.28.0","MIT","https://github.com/sveltejs/svelte-eslint-parser"
"svelte-hmr@0.15.1","ISC","https://github.com/sveltejs/svelte-hmr"
"svelte-infinite-viewer@0.24.5","MIT","https://github.com/daybrush/infinite-viewer/blob/master/packages/svelte-infinite-viewer"
"svelte-preprocess@5.0.3","MIT","https://github.com/sveltejs/svelte-preprocess"
"svelte@3.59.1","MIT","https://github.com/sveltejs/svelte"
"symbol-tree@3.2.4","MIT","https://github.com/jsdom/js-symbol-tree"
"tapable@2.2.1","MIT","https://github.com/webpack/tapable"
"tar@6.1.15","ISC","https://github.com/isaacs/node-tar"
"temp-file@3.4.0","MIT","https://github.com/develar/temp-file"
"terser-webpack-plugin@5.3.9","MIT","https://github.com/webpack-contrib/terser-webpack-plugin"
"terser@5.17.6","BSD-2-Clause","https://github.com/terser/terser"
"text-table@0.2.0","MIT","https://github.com/substack/text-table"
"three@0.152.2","MIT","https://github.com/mrdoob/three.js"
"timers-browserify@2.0.12","MIT","https://github.com/jryans/timers-browserify"
"tiny-glob@0.2.9","MIT","https://github.com/terkelg/tiny-glob"
"tinycolor2@1.6.0","MIT","https://github.com/bgrins/TinyColor"
"tmp-promise@3.0.3","MIT","https://github.com/benjamingr/tmp-promise"
"tmp@0.2.1","MIT","https://github.com/raszi/node-tmp"
"to-fast-properties@2.0.0","MIT","https://github.com/sindresorhus/to-fast-properties"
"to-regex-range@5.0.1","MIT","https://github.com/micromatch/to-regex-range"
"toidentifier@1.0.1","MIT","https://github.com/component/toidentifier"
"totalist@3.0.1","MIT","https://github.com/lukeed/totalist"
"tough-cookie@4.1.2","BSD-3-Clause","https://github.com/salesforce/tough-cookie"
"tr46@4.1.1","MIT","https://github.com/jsdom/tr46"
"tree-kill@1.2.2","MIT","https://github.com/pkrumins/node-tree-kill"
"treeify@1.1.0","MIT","https://github.com/notatestuser/treeify"
"trim-repeated@1.0.0","MIT","https://github.com/sindresorhus/trim-repeated"
"truncate-utf8-bytes@1.0.2","WTFPL","https://github.com/parshap/truncate-utf8-bytes"
"tsconfck@2.1.1","MIT","https://github.com/dominikg/tsconfck"
"tslib@1.14.1","0BSD","https://github.com/Microsoft/tslib"
"tslib@2.5.2","0BSD","https://github.com/Microsoft/tslib"
"tsutils@3.21.0","MIT","https://github.com/ajafff/tsutils"
"tty-browserify@0.0.1","MIT","https://github.com/browserify/tty-browserify"
"type-check@0.4.0","MIT","https://github.com/gkz/type-check"
"type-fest@0.13.1","(MIT OR CC0-1.0)","https://github.com/sindresorhus/type-fest"
"type-fest@0.20.2","(MIT OR CC0-1.0)","https://github.com/sindresorhus/type-fest"
"type-is@1.6.18","MIT","https://github.com/jshttp/type-is"
"typescript@4.9.5","Apache-2.0","https://github.com/Microsoft/TypeScript"
"typescript@5.0.4","Apache-2.0","https://github.com/Microsoft/TypeScript"
"ufo@1.1.2","MIT","https://github.com/unjs/ufo"
"unconfig@0.3.7","MIT","https://github.com/antfu/unconfig"
"undici@5.22.1","MIT","https://github.com/nodejs/undici"
"unicode-canonical-property-names-ecmascript@2.0.0","MIT","https://github.com/mathiasbynens/unicode-canonical-property-names-ecmascript"
"unicode-match-property-ecmascript@2.0.0","MIT","https://github.com/mathiasbynens/unicode-match-property-ecmascript"
"unicode-match-property-value-ecmascript@2.1.0","MIT","https://github.com/mathiasbynens/unicode-match-property-value-ecmascript"
"unicode-property-aliases-ecmascript@2.1.0","MIT","https://github.com/mathiasbynens/unicode-property-aliases-ecmascript"
"unique-filename@2.0.1","ISC","https://github.com/npm/unique-filename"
"unique-slug@3.0.0","ISC","https://github.com/npm/unique-slug"
"universalify@0.1.2","MIT","https://github.com/RyanZim/universalify"
"universalify@0.2.0","MIT","https://github.com/RyanZim/universalify"
"universalify@2.0.0","MIT","https://github.com/RyanZim/universalify"
"unocss@0.52.0","MIT","https://github.com/unocss/unocss"
"unpipe@1.0.0","MIT","https://github.com/stream-utils/unpipe"
"update-browserslist-db@1.0.11","MIT","https://github.com/browserslist/update-db"
"upper-case-first@2.0.2","MIT","https://github.com/blakeembrey/change-case"
"upper-case@2.0.2","MIT","https://github.com/blakeembrey/change-case"
"uri-js@4.4.1","BSD-2-Clause","https://github.com/garycourt/uri-js"
"url-parse@1.5.10","MIT","https://github.com/unshiftio/url-parse"
"url@0.11.3","MIT","https://github.com/defunctzombie/node-url"
"utf8-byte-length@1.0.4","WTFPL","https://github.com/parshap/utf8-byte-length"
"utif2@4.1.0","MIT","https://github.com/photopea/UTIF.js"
"util-deprecate@1.0.2","MIT","https://github.com/TooTallNate/util-deprecate"
"util-extend@1.0.3","MIT","https://github.com/isaacs/util-extend"
"util@0.12.5","MIT","https://github.com/browserify/node-util"
"utils-merge@1.0.1","MIT","https://github.com/jaredhanson/utils-merge"
"uuid@9.0.0","MIT","https://github.com/uuidjs/uuid"
"validate-npm-package-license@3.0.4","Apache-2.0","https://github.com/kemitchell/validate-npm-package-license.js"
"vary@1.1.2","MIT","https://github.com/jshttp/vary"
"vite-multiple-assets@1.1.0","MIT","https://github.com/nguyenbatranvan/vite-multiple-assets"
"vite-plugin-cross-origin-isolation@0.1.6","MIT","https://github.com/chaosprint/vite-plugin-cross-origin-isolation"
"vite-plugin-node-polyfills@0.14.1","MIT","https://github.com/davidmyersdev/vite-plugin-node-polyfills"
"vite-plugin-static-copy@0.15.0","MIT","https://github.com/sapphi-red/vite-plugin-static-copy"
"vite-plugin-top-level-await@1.3.1","MIT","https://github.com/Menci/vite-plugin-top-level-await"
"vite-tsconfig-paths@4.2.0","MIT","https://github.com/aleclarson/vite-tsconfig-paths"
"vite@4.3.8","MIT","https://github.com/vitejs/vite"
"vitefu@0.2.4","MIT","https://github.com/svitejs/vitefu"
"vm-browserify@1.1.2","MIT","https://github.com/substack/vm-browserify"
"w3c-xmlserializer@4.0.0","MIT","https://github.com/jsdom/w3c-xmlserializer"
"watchpack@2.4.0","MIT","https://github.com/webpack/watchpack"
"wcwidth@1.0.1","MIT","https://github.com/timoxley/wcwidth"
"webgl-constants@1.1.1","MIT*",""
"webidl-conversions@7.0.0","BSD-2-Clause","https://github.com/jsdom/webidl-conversions"
"webpack-sources@3.2.3","MIT","https://github.com/webpack/webpack-sources"
"webpack@5.84.1","MIT","https://github.com/webpack/webpack"
"webworker-promise@0.5.0","MIT","https://github.com/kwolfy/webworker-promise"
"whatwg-encoding@2.0.0","MIT","https://github.com/jsdom/whatwg-encoding"
"whatwg-mimetype@3.0.0","MIT","https://github.com/jsdom/whatwg-mimetype"
"whatwg-url@12.0.1","MIT","https://github.com/jsdom/whatwg-url"
"wheel@1.0.0","MIT","https://github.com/anvaka/wheel"
"which-typed-array@1.1.11","MIT","https://github.com/inspect-js/which-typed-array"
"which@2.0.2","ISC","https://github.com/isaacs/node-which"
"wide-align@1.1.5","ISC","https://github.com/iarna/wide-align"
"word-wrap@1.2.3","MIT","https://github.com/jonschlinkert/word-wrap"
"worker-loader@3.0.8","MIT","https://github.com/webpack-contrib/worker-loader"
"wrap-ansi@7.0.0","MIT","https://github.com/chalk/wrap-ansi"
"wrappy@1.0.2","ISC","https://github.com/npm/wrappy"
"ws@8.13.0","MIT","https://github.com/websockets/ws"
"wslink@1.10.2","BSD-3-Clause","https://github.com/kitware/wslink"
"xml-name-validator@4.0.0","Apache-2.0","https://github.com/jsdom/xml-name-validator"
"xmlbuilder2@3.0.2","MIT","https://github.com/oozcitak/xmlbuilder2"
"xmlbuilder@15.1.1","MIT","https://github.com/oozcitak/xmlbuilder-js"
"xmlchars@2.2.0","MIT","https://github.com/lddubeau/xmlchars"
"xtend@4.0.2","MIT","https://github.com/Raynos/xtend"
"y18n@5.0.8","ISC","https://github.com/yargs/y18n"
"yallist@3.1.1","ISC","https://github.com/isaacs/yallist"
"yallist@4.0.0","ISC","https://github.com/isaacs/yallist"
"yaml@1.10.2","ISC","https://github.com/eemeli/yaml"
"yargs-parser@21.1.1","ISC","https://github.com/yargs/yargs-parser"
"yargs@17.7.2","MIT","https://github.com/yargs/yargs"
"yauzl@2.10.0","MIT","https://github.com/thejoshwolfe/yauzl"
"yocto-queue@0.1.0","MIT","https://github.com/sindresorhus/yocto-queue"
"zod@3.22.4","MIT","https://github.com/colinhacks/zod"